Timestamp,Day_of_Week,Hour,Weight_kg,Distance_cm,Is_Weekend,Overflow_Status
2026-01-01 08:00:00,3,8,14.19,78.31,0,0
2026-01-01 09:00:00,3,9,10.03,89.53,0,0
2026-01-01 10:00:00,3,10,28.78,56.13,0,1
2026-01-01 11:00:00,3,11,14.79,80.12,0,0
2026-01-01 12:00:00,3,12,15.08,79.0,0,0
2026-01-01 13:00:00,3,13,18.08,71.48,0,0
2026-01-01 14:00:00,3,14,24.2,57.95,0,1
2026-01-01 15:00:00,3,15,2.24,94.96,0,0
2026-01-01 16:00:00,3,16,5.94,92.03,0,0
2026-01-01 17:00:00,3,17,3.51,90.49,0,0
2026-01-01 18:00:00,3,18,10.27,83.91,0,0
2026-01-01 19:00:00,3,19,14.31,74.26,0,0
2026-01-01 20:00:00,3,20,8.7,87.29,0,0
2026-01-01 21:00:00,3,21,10.0,86.13,0,0
2026-01-01 22:00:00,3,22,15.43,75.98,0,0
2026-01-01 23:00:00,3,23,27.77,63.91,0,0
2026-01-02 00:00:00,4,0,25.59,58.44,1,1
2026-01-02 01:00:00,4,1,23.4,61.23,1,0
2026-01-02 02:00:00,4,2,9.34,80.11,1,0
2026-01-02 03:00:00,4,3,29.44,56.43,1,1
2026-01-02 04:00:00,4,4,35.09,47.88,1,1
2026-01-02 05:00:00,4,5,11.23,82.25,1,0
2026-01-02 06:00:00,4,6,30.61,51.92,1,1
2026-01-02 07:00:00,4,7,57.23,17.33,1,2
2026-01-02 08:00:00,4,8,38.94,36.31,1,1
2026-01-02 09:00:00,4,9,54.43,17.21,1,2
2026-01-02 10:00:00,4,10,45.28,33.91,1,2
2026-01-02 11:00:00,4,11,10.01,87.78,1,0
2026-01-02 12:00:00,4,12,17.38,73.01,1,0
2026-01-02 13:00:00,4,13,23.91,67.06,1,0
2026-01-02 14:00:00,4,14,8.7,86.39,1,0
2026-01-02 15:00:00,4,15,57.76,9.77,1,2
2026-01-02 16:00:00,4,16,15.71,80.51,1,0
2026-01-02 17:00:00,4,17,30.52,57.23,1,1
2026-01-02 18:00:00,4,18,6.32,88.58,1,0
2026-01-02 19:00:00,4,19,33.12,54.93,1,1
2026-01-02 20:00:00,4,20,18.31,77.23,1,0
2026-01-02 21:00:00,4,21,15.22,79.63,1,0
2026-01-02 22:00:00,4,22,4.72,92.02,1,0
2026-01-02 23:00:00,4,23,6.7,83.99,1,0
2026-01-03 00:00:00,5,0,19.75,71.45,1,0
2026-01-03 01:00:00,5,1,49.88,23.63,1,2
2026-01-03 02:00:00,5,2,46.41,28.87,1,2
2026-01-03 03:00:00,5,3,4.93,93.59,1,0
2026-01-03 04:00:00,5,4,46.28,32.11,1,2
2026-01-03 05:00:00,5,5,24.67,65.9,1,0
2026-01-03 06:00:00,5,6,42.07,35.92,1,2
2026-01-03 07:00:00,5,7,49.37,21.56,1,2
2026-01-03 08:00:00,5,8,27.98,58.81,1,1
2026-01-03 09:00:00,5,9,19.72,69.72,1,0
2026-01-03 10:00:00,5,10,58.85,10.47,1,2
2026-01-03 11:00:00,5,11,4.19,91.31,1,0
2026-01-03 12:00:00,5,12,43.95,35.29,1,2
2026-01-03 13:00:00,5,13,42.01,37.51,1,2
2026-01-03 14:00:00,5,14,13.91,78.91,1,0
2026-01-03 15:00:00,5,15,38.42,42.29,1,1
2026-01-03 16:00:00,5,16,4.72,98.0,1,0
2026-01-03 17:00:00,5,17,23.43,65.77,1,0
2026-01-03 18:00:00,5,18,11.33,79.5,1,0
2026-01-03 19:00:00,5,19,43.74,36.64,1,2
2026-01-03 20:00:00,5,20,47.42,26.15,1,2
2026-01-03 21:00:00,5,21,6.6,85.89,1,0
2026-01-03 22:00:00,5,22,9.33,5.41,1,2
2026-01-03 23:00:00,5,23,21.01,66.78,1,0
2026-01-04 00:00:00,6,0,5.76,89.85,1,0
2026-01-04 01:00:00,6,1,31.14,53.49,1,1
2026-01-04 02:00:00,6,2,20.64,70.47,1,0
2026-01-04 03:00:00,6,3,41.59,42.26,1,1
2026-01-04 04:00:00,6,4,29.83,54.29,1,1
2026-01-04 05:00:00,6,5,5.87,87.51,1,0
2026-01-04 06:00:00,6,6,12.04,85.87,1,0
2026-01-04 07:00:00,6,7,19.38,71.48,1,0
2026-01-04 08:00:00,6,8,15.93,78.45,1,0
2026-01-04 09:00:00,6,9,11.03,79.5,1,0
2026-01-04 10:00:00,6,10,48.07,28.79,1,2
2026-01-04 11:00:00,6,11,54.51,19.27,1,2
2026-01-04 12:00:00,6,12,57.24,14.84,1,2
2026-01-04 13:00:00,6,13,56.25,13.49,1,2
2026-01-04 14:00:00,6,14,33.49,3.33,1,2
2026-01-04 15:00:00,6,15,13.25,9.23,1,2
2026-01-04 16:00:00,6,16,4.66,95.37,1,0
2026-01-04 17:00:00,6,17,24.04,61.48,1,0
2026-01-04 18:00:00,6,18,44.98,33.77,1,2
2026-01-04 19:00:00,6,19,17.48,79.47,1,0
2026-01-04 20:00:00,6,20,6.28,88.32,1,0
2026-01-04 21:00:00,6,21,9.18,83.79,1,0
2026-01-04 22:00:00,6,22,18.77,72.87,1,0
2026-01-04 23:00:00,6,23,26.4,62.88,1,0
2026-01-05 00:00:00,0,0,10.45,88.68,0,0
2026-01-05 01:00:00,0,1,20.35,77.63,0,0
2026-01-05 02:00:00,0,2,20.82,66.19,0,0
2026-01-05 03:00:00,0,3,4.04,95.39,0,0
2026-01-05 04:00:00,0,4,28.64,59.19,0,1
2026-01-05 05:00:00,0,5,22.12,66.6,0,0
2026-01-05 06:00:00,0,6,4.77,88.3,0,0
2026-01-05 07:00:00,0,7,11.98,84.6,0,0
2026-01-05 08:00:00,0,8,29.58,51.89,0,1
2026-01-05 09:00:00,0,9,23.27,66.25,0,0
2026-01-05 10:00:00,0,10,14.41,78.85,0,0
2026-01-05 11:00:00,0,11,5.04,89.01,0,0
2026-01-05 12:00:00,0,12,26.76,61.54,0,0
2026-01-05 13:00:00,0,13,16.62,78.23,0,0
2026-01-05 14:00:00,0,14,29.24,53.33,0,1
2026-01-05 15:00:00,0,15,22.69,67.5,0,0
2026-01-05 16:00:00,0,16,19.77,81.9,0,0
2026-01-05 17:00:00,0,17,13.9,82.55,0,0
2026-01-05 18:00:00,0,18,6.98,91.49,0,0
2026-01-05 19:00:00,0,19,3.87,96.47,0,0
2026-01-05 20:00:00,0,20,20.39,68.71,0,0
2026-01-05 21:00:00,0,21,30.78,54.07,0,1
2026-01-05 22:00:00,0,22,31.26,47.51,0,1
2026-01-05 23:00:00,0,23,11.88,77.34,0,0
2026-01-06 00:00:00,1,0,12.55,84.44,0,0
2026-01-06 01:00:00,1,1,7.59,85.38,0,0
2026-01-06 02:00:00,1,2,23.0,67.53,0,0
2026-01-06 03:00:00,1,3,4.88,93.32,0,0
2026-01-06 04:00:00,1,4,31.68,50.52,0,1
2026-01-06 05:00:00,1,5,8.97,88.45,0,0
2026-01-06 06:00:00,1,6,12.93,81.16,0,0
2026-01-06 07:00:00,1,7,33.58,52.19,0,1
2026-01-06 08:00:00,1,8,28.98,56.19,0,1
2026-01-06 09:00:00,1,9,20.06,72.51,0,0
2026-01-06 10:00:00,1,10,2.9,94.65,0,0
2026-01-06 11:00:00,1,11,15.41,74.92,0,0
2026-01-06 12:00:00,1,12,34.5,49.47,0,1
2026-01-06 13:00:00,1,13,12.22,84.42,0,0
2026-01-06 14:00:00,1,14,33.95,52.18,0,1
2026-01-06 15:00:00,1,15,26.21,59.23,0,1
2026-01-06 16:00:00,1,16,8.21,85.56,0,0
2026-01-06 17:00:00,1,17,10.5,86.57,0,0
2026-01-06 18:00:00,1,18,5.14,92.12,0,0
2026-01-06 19:00:00,1,19,11.63,79.48,0,0
2026-01-06 20:00:00,1,20,15.03,73.72,0,0
2026-01-06 21:00:00,1,21,23.33,60.72,0,0
2026-01-06 22:00:00,1,22,25.78,61.72,0,0
2026-01-06 23:00:00,1,23,26.48,55.97,0,1
2026-01-07 00:00:00,2,0,9.31,86.06,0,0
2026-01-07 01:00:00,2,1,19.35,72.37,0,0
2026-01-07 02:00:00,2,2,20.43,5.0,0,2
2026-01-07 03:00:00,2,3,25.83,60.1,0,0
2026-01-07 04:00:00,2,4,3.31,97.02,0,0
2026-01-07 05:00:00,2,5,6.25,86.91,0,0
2026-01-07 06:00:00,2,6,9.6,79.75,0,0
2026-01-07 07:00:00,2,7,3.19,96.97,0,0
2026-01-07 08:00:00,2,8,23.65,62.66,0,0
2026-01-07 09:00:00,2,9,34.24,47.16,0,1
2026-01-07 10:00:00,2,10,18.75,74.43,0,0
2026-01-07 11:00:00,2,11,3.98,91.95,0,0
2026-01-07 12:00:00,2,12,6.44,91.26,0,0
2026-01-07 13:00:00,2,13,21.49,69.66,0,0
2026-01-07 14:00:00,2,14,4.93,90.93,0,0
2026-01-07 15:00:00,2,15,11.75,84.2,0,0
2026-01-07 16:00:00,2,16,25.81,61.63,0,0
2026-01-07 17:00:00,2,17,6.39,88.64,0,0
2026-01-07 18:00:00,2,18,2.75,95.27,0,0
2026-01-07 19:00:00,2,19,30.02,58.27,0,1
2026-01-07 20:00:00,2,20,12.43,83.8,0,0
2026-01-07 21:00:00,2,21,24.2,63.77,0,0
2026-01-07 22:00:00,2,22,8.82,85.84,0,0
2026-01-07 23:00:00,2,23,20.57,68.76,0,0
2026-01-08 00:00:00,3,0,30.58,55.91,0,1
2026-01-08 01:00:00,3,1,17.16,80.53,0,0
2026-01-08 02:00:00,3,2,15.53,73.06,0,0
2026-01-08 03:00:00,3,3,13.92,81.49,0,0
2026-01-08 04:00:00,3,4,17.22,76.06,0,0
2026-01-08 05:00:00,3,5,34.0,46.31,0,1
2026-01-08 06:00:00,3,6,26.2,58.66,0,1
2026-01-08 07:00:00,3,7,12.75,80.43,0,0
2026-01-08 08:00:00,3,8,18.38,71.46,0,0
2026-01-08 09:00:00,3,9,6.56,88.47,0,0
2026-01-08 10:00:00,3,10,10.56,84.89,0,0
2026-01-08 11:00:00,3,11,10.13,2.92,0,2
2026-01-08 12:00:00,3,12,33.22,50.87,0,1
2026-01-08 13:00:00,3,13,4.69,88.75,0,0
2026-01-08 14:00:00,3,14,12.6,80.46,0,0
2026-01-08 15:00:00,3,15,24.26,68.03,0,0
2026-01-08 16:00:00,3,16,25.55,61.19,0,0
2026-01-08 17:00:00,3,17,23.55,61.66,0,0
2026-01-08 18:00:00,3,18,14.5,77.38,0,0
2026-01-08 19:00:00,3,19,23.57,62.17,0,0
2026-01-08 20:00:00,3,20,31.0,58.09,0,1
2026-01-08 21:00:00,3,21,11.2,84.4,0,0
2026-01-08 22:00:00,3,22,17.66,72.3,0,0
2026-01-08 23:00:00,3,23,30.23,54.7,0,1
2026-01-09 00:00:00,4,0,23.88,61.87,1,0
2026-01-09 01:00:00,4,1,6.15,92.27,1,0
2026-01-09 02:00:00,4,2,31.34,55.87,1,1
2026-01-09 03:00:00,4,3,58.64,9.74,1,2
2026-01-09 04:00:00,4,4,35.69,47.01,1,1
2026-01-09 05:00:00,4,5,19.32,68.6,1,0
2026-01-09 06:00:00,4,6,40.69,37.16,1,1
2026-01-09 07:00:00,4,7,56.32,13.95,1,2
2026-01-09 08:00:00,4,8,37.77,43.8,1,1
2026-01-09 09:00:00,4,9,21.66,73.13,1,0
2026-01-09 10:00:00,4,10,11.1,81.62,1,0
2026-01-09 11:00:00,4,11,26.34,61.97,1,0
2026-01-09 12:00:00,4,12,27.19,64.71,1,0
2026-01-09 13:00:00,4,13,51.6,21.19,1,2
2026-01-09 14:00:00,4,14,19.85,74.29,1,0
2026-01-09 15:00:00,4,15,42.17,40.45,1,2
2026-01-09 16:00:00,4,16,49.18,24.43,1,2
2026-01-09 17:00:00,4,17,30.33,54.64,1,1
2026-01-09 18:00:00,4,18,17.98,74.9,1,0
2026-01-09 19:00:00,4,19,32.75,50.46,1,1
2026-01-09 20:00:00,4,20,38.37,43.99,1,1
2026-01-09 21:00:00,4,21,32.04,48.56,1,1
2026-01-09 22:00:00,4,22,28.38,61.26,1,0
2026-01-09 23:00:00,4,23,59.68,8.23,1,2
2026-01-10 00:00:00,5,0,57.42,14.21,1,2
2026-01-10 01:00:00,5,1,58.93,9.6,1,2
2026-01-10 02:00:00,5,2,15.4,82.16,1,0
2026-01-10 03:00:00,5,3,14.61,81.01,1,0
2026-01-10 04:00:00,5,4,20.73,73.02,1,0
2026-01-10 05:00:00,5,5,30.47,56.35,1,1
2026-01-10 06:00:00,5,6,9.37,80.67,1,0
2026-01-10 07:00:00,5,7,15.77,70.23,1,0
2026-01-10 08:00:00,5,8,23.4,67.06,1,0
2026-01-10 09:00:00,5,9,10.63,84.28,1,0
2026-01-10 10:00:00,5,10,48.87,22.55,1,2
2026-01-10 11:00:00,5,11,23.33,64.83,1,0
2026-01-10 12:00:00,5,12,12.65,80.93,1,0
2026-01-10 13:00:00,5,13,43.53,34.44,1,2
2026-01-10 14:00:00,5,14,25.24,64.15,1,0
2026-01-10 15:00:00,5,15,9.11,83.52,1,0
2026-01-10 16:00:00,5,16,13.35,76.8,1,0
2026-01-10 17:00:00,5,17,32.22,54.54,1,1
2026-01-10 18:00:00,5,18,18.83,73.27,1,0
2026-01-10 19:00:00,5,19,23.44,62.47,1,0
2026-01-10 20:00:00,5,20,10.9,80.54,1,0
2026-01-10 21:00:00,5,21,2.99,91.92,1,0
2026-01-10 22:00:00,5,22,17.08,74.48,1,0
2026-01-10 23:00:00,5,23,28.36,58.1,1,1
2026-01-11 00:00:00,6,0,2.86,95.05,1,0
2026-01-11 01:00:00,6,1,43.22,37.44,1,2
2026-01-11 02:00:00,6,2,16.74,73.16,1,0
2026-01-11 03:00:00,6,3,19.13,64.39,1,0
2026-01-11 04:00:00,6,4,32.06,56.01,1,1
2026-01-11 05:00:00,6,5,22.35,65.73,1,0
2026-01-11 06:00:00,6,6,54.93,4.0,1,2
2026-01-11 07:00:00,6,7,31.86,55.57,1,1
2026-01-11 08:00:00,6,8,26.7,57.08,1,1
2026-01-11 09:00:00,6,9,27.21,59.8,1,1
2026-01-11 10:00:00,6,10,35.99,41.75,1,1
2026-01-11 11:00:00,6,11,6.69,86.72,1,0
2026-01-11 12:00:00,6,12,8.03,90.6,1,0
2026-01-11 13:00:00,6,13,9.11,90.77,1,0
2026-01-11 14:00:00,6,14,21.68,64.9,1,0
2026-01-11 15:00:00,6,15,18.59,73.73,1,0
2026-01-11 16:00:00,6,16,40.25,39.06,1,1
2026-01-11 17:00:00,6,17,18.66,67.86,1,0
2026-01-11 18:00:00,6,18,16.6,80.83,1,0
2026-01-11 19:00:00,6,19,18.98,73.22,1,0
2026-01-11 20:00:00,6,20,7.23,87.69,1,0
2026-01-11 21:00:00,6,21,6.04,88.35,1,0
2026-01-11 22:00:00,6,22,17.2,71.7,1,0
2026-01-11 23:00:00,6,23,33.32,49.88,1,1
2026-01-12 00:00:00,0,0,13.75,76.65,0,0
2026-01-12 01:00:00,0,1,10.25,86.89,0,0
2026-01-12 02:00:00,0,2,29.75,52.45,0,1
2026-01-12 03:00:00,0,3,19.73,72.66,0,0
2026-01-12 04:00:00,0,4,12.83,82.38,0,0
2026-01-12 05:00:00,0,5,21.35,69.68,0,0
2026-01-12 06:00:00,0,6,5.38,86.51,0,0
2026-01-12 07:00:00,0,7,26.75,60.02,0,0
2026-01-12 08:00:00,0,8,15.21,74.48,0,0
2026-01-12 09:00:00,0,9,6.08,85.9,0,0
2026-01-12 10:00:00,0,10,7.88,84.54,0,0
2026-01-12 11:00:00,0,11,17.23,74.29,0,0
2026-01-12 12:00:00,0,12,1.72,96.27,0,0
2026-01-12 13:00:00,0,13,27.02,57.73,0,1
2026-01-12 14:00:00,0,14,17.18,6.28,0,2
2026-01-12 15:00:00,0,15,3.38,98.0,0,0
2026-01-12 16:00:00,0,16,7.44,86.45,0,0
2026-01-12 17:00:00,0,17,33.23,49.55,0,1
2026-01-12 18:00:00,0,18,13.0,78.69,0,0
2026-01-12 19:00:00,0,19,9.79,84.84,0,0
2026-01-12 20:00:00,0,20,25.25,62.89,0,0
2026-01-12 21:00:00,0,21,17.88,71.94,0,0
2026-01-12 22:00:00,0,22,10.19,83.42,0,0
2026-01-12 23:00:00,0,23,27.46,57.54,0,1
2026-01-13 00:00:00,1,0,26.31,66.76,0,0
2026-01-13 01:00:00,1,1,32.44,50.35,0,1
2026-01-13 02:00:00,1,2,7.88,86.96,0,0
2026-01-13 03:00:00,1,3,15.26,74.09,0,0
2026-01-13 04:00:00,1,4,28.72,55.86,0,1
2026-01-13 05:00:00,1,5,23.13,70.33,0,0
2026-01-13 06:00:00,1,6,3.99,93.35,0,0
2026-01-13 07:00:00,1,7,11.35,76.34,0,0
2026-01-13 08:00:00,1,8,4.82,95.09,0,0
2026-01-13 09:00:00,1,9,8.34,90.92,0,0
2026-01-13 10:00:00,1,10,28.08,56.63,0,1
2026-01-13 11:00:00,1,11,15.85,83.04,0,0
2026-01-13 12:00:00,1,12,3.05,96.17,0,0
2026-01-13 13:00:00,1,13,27.94,55.53,0,1
2026-01-13 14:00:00,1,14,24.37,60.88,0,0
2026-01-13 15:00:00,1,15,23.49,63.34,0,0
2026-01-13 16:00:00,1,16,9.36,86.96,0,0
2026-01-13 17:00:00,1,17,34.37,46.92,0,1
2026-01-13 18:00:00,1,18,24.91,59.69,0,1
2026-01-13 19:00:00,1,19,2.18,97.86,0,0
2026-01-13 20:00:00,1,20,3.56,91.89,0,0
2026-01-13 21:00:00,1,21,14.27,82.67,0,0
2026-01-13 22:00:00,1,22,27.33,64.64,0,0
2026-01-13 23:00:00,1,23,30.25,50.88,0,1
2026-01-14 00:00:00,2,0,17.03,78.94,0,0
2026-01-14 01:00:00,2,1,21.68,67.32,0,0
2026-01-14 02:00:00,2,2,31.16,49.88,0,1
2026-01-14 03:00:00,2,3,19.07,71.78,0,0
2026-01-14 04:00:00,2,4,14.35,80.66,0,0
2026-01-14 05:00:00,2,5,31.08,54.04,0,1
2026-01-14 06:00:00,2,6,25.06,63.82,0,0
2026-01-14 07:00:00,2,7,22.15,70.81,0,0
2026-01-14 08:00:00,2,8,8.88,85.14,0,0
2026-01-14 09:00:00,2,9,28.15,57.4,0,1
2026-01-14 10:00:00,2,10,30.06,58.2,0,1
2026-01-14 11:00:00,2,11,7.9,92.73,0,0
2026-01-14 12:00:00,2,12,22.49,64.99,0,0
2026-01-14 13:00:00,2,13,9.74,80.43,0,0
2026-01-14 14:00:00,2,14,19.45,71.04,0,0
2026-01-14 15:00:00,2,15,10.26,80.73,0,0
2026-01-14 16:00:00,2,16,29.57,60.65,0,0
2026-01-14 17:00:00,2,17,29.46,51.3,0,1
2026-01-14 18:00:00,2,18,31.88,51.37,0,1
2026-01-14 19:00:00,2,19,20.86,68.55,0,0
2026-01-14 20:00:00,2,20,19.9,72.25,0,0
2026-01-14 21:00:00,2,21,19.07,74.78,0,0
2026-01-14 22:00:00,2,22,21.03,65.14,0,0
2026-01-14 23:00:00,2,23,9.02,86.64,0,0
2026-01-15 00:00:00,3,0,7.93,88.04,0,0
2026-01-15 01:00:00,3,1,26.25,60.19,0,0
2026-01-15 02:00:00,3,2,30.75,52.23,0,1
2026-01-15 03:00:00,3,3,6.21,89.05,0,0
2026-01-15 04:00:00,3,4,23.3,65.37,0,0
2026-01-15 05:00:00,3,5,5.45,96.34,0,0
2026-01-15 06:00:00,3,6,13.62,82.85,0,0
2026-01-15 07:00:00,3,7,14.02,72.75,0,0
2026-01-15 08:00:00,3,8,10.37,83.32,0,0
2026-01-15 09:00:00,3,9,11.42,80.54,0,0
2026-01-15 10:00:00,3,10,7.4,94.16,0,0
2026-01-15 11:00:00,3,11,30.87,57.51,0,1
2026-01-15 12:00:00,3,12,24.93,59.22,0,1
2026-01-15 13:00:00,3,13,11.72,3.74,0,2
2026-01-15 14:00:00,3,14,3.4,97.04,0,0
2026-01-15 15:00:00,3,15,32.77,49.71,0,1
2026-01-15 16:00:00,3,16,15.24,78.48,0,0
2026-01-15 17:00:00,3,17,5.99,9.85,0,2
2026-01-15 18:00:00,3,18,26.58,61.98,0,0
2026-01-15 19:00:00,3,19,20.16,68.83,0,0
2026-01-15 20:00:00,3,20,4.04,90.19,0,0
2026-01-15 21:00:00,3,21,6.96,89.01,0,0
2026-01-15 22:00:00,3,22,4.75,96.02,0,0
2026-01-15 23:00:00,3,23,5.87,86.97,0,0
2026-01-16 00:00:00,4,0,25.1,64.17,1,0
2026-01-16 01:00:00,4,1,37.09,49.63,1,1
2026-01-16 02:00:00,4,2,20.58,74.21,1,0
2026-01-16 03:00:00,4,3,19.91,69.85,1,0
2026-01-16 04:00:00,4,4,19.06,72.6,1,0
2026-01-16 05:00:00,4,5,5.39,95.23,1,0
2026-01-16 06:00:00,4,6,17.53,74.15,1,0
2026-01-16 07:00:00,4,7,59.32,10.85,1,2
2026-01-16 08:00:00,4,8,37.28,38.95,1,1
2026-01-16 09:00:00,4,9,20.08,72.11,1,0
2026-01-16 10:00:00,4,10,16.2,75.14,1,0
2026-01-16 11:00:00,4,11,20.04,70.99,1,0
2026-01-16 12:00:00,4,12,53.79,16.98,1,2
2026-01-16 13:00:00,4,13,42.81,32.85,1,2
2026-01-16 14:00:00,4,14,43.46,29.71,1,2
2026-01-16 15:00:00,4,15,16.14,77.2,1,0
2026-01-16 16:00:00,4,16,25.5,64.69,1,0
2026-01-16 17:00:00,4,17,20.3,72.6,1,0
2026-01-16 18:00:00,4,18,19.38,67.09,1,0
2026-01-16 19:00:00,4,19,8.65,87.1,1,0
2026-01-16 20:00:00,4,20,5.3,89.87,1,0
2026-01-16 21:00:00,4,21,54.39,16.15,1,2
2026-01-16 22:00:00,4,22,28.15,53.55,1,1
2026-01-16 23:00:00,4,23,24.81,58.73,1,1
2026-01-17 00:00:00,5,0,16.38,78.6,1,0
2026-01-17 01:00:00,5,1,34.23,56.55,1,1
2026-01-17 02:00:00,5,2,11.46,83.36,1,0
2026-01-17 03:00:00,5,3,14.49,80.37,1,0
2026-01-17 04:00:00,5,4,22.44,66.71,1,0
2026-01-17 05:00:00,5,5,14.26,78.32,1,0
2026-01-17 06:00:00,5,6,22.12,64.71,1,0
2026-01-17 07:00:00,5,7,42.7,41.27,1,2
2026-01-17 08:00:00,5,8,6.77,95.29,1,0
2026-01-17 09:00:00,5,9,43.17,33.56,1,2
2026-01-17 10:00:00,5,10,29.72,58.33,1,1
2026-01-17 11:00:00,5,11,9.66,80.8,1,0
2026-01-17 12:00:00,5,12,33.57,48.9,1,1
2026-01-17 13:00:00,5,13,34.01,50.84,1,1
2026-01-17 14:00:00,5,14,46.56,26.15,1,2
2026-01-17 15:00:00,5,15,25.88,63.02,1,0
2026-01-17 16:00:00,5,16,26.17,63.99,1,0
2026-01-17 17:00:00,5,17,11.92,83.49,1,0
2026-01-17 18:00:00,5,18,8.08,82.9,1,0
2026-01-17 19:00:00,5,19,28.76,57.49,1,1
2026-01-17 20:00:00,5,20,43.21,31.35,1,2
2026-01-17 21:00:00,5,21,2.9,98.0,1,0
2026-01-17 22:00:00,5,22,46.3,32.6,1,2
2026-01-17 23:00:00,5,23,31.66,52.6,1,1
2026-01-18 00:00:00,6,0,21.55,66.12,1,0
2026-01-18 01:00:00,6,1,2.97,94.15,1,0
2026-01-18 02:00:00,6,2,26.9,58.72,1,1
2026-01-18 03:00:00,6,3,5.2,90.77,1,0
2026-01-18 04:00:00,6,4,22.44,63.66,1,0
2026-01-18 05:00:00,6,5,3.42,93.56,1,0
2026-01-18 06:00:00,6,6,8.38,88.02,1,0
2026-01-18 07:00:00,6,7,8.96,82.1,1,0
2026-01-18 08:00:00,6,8,10.7,86.62,1,0
2026-01-18 09:00:00,6,9,13.37,83.15,1,0
2026-01-18 10:00:00,6,10,39.88,44.41,1,1
2026-01-18 11:00:00,6,11,28.08,56.79,1,1
2026-01-18 12:00:00,6,12,49.64,29.9,1,2
2026-01-18 13:00:00,6,13,12.94,79.02,1,0
2026-01-18 14:00:00,6,14,40.15,38.94,1,1
2026-01-18 15:00:00,6,15,32.39,48.66,1,1
2026-01-18 16:00:00,6,16,39.76,38.06,1,1
2026-01-18 17:00:00,6,17,19.19,71.92,1,0
2026-01-18 18:00:00,6,18,23.7,61.46,1,0
2026-01-18 19:00:00,6,19,23.27,64.45,1,0
2026-01-18 20:00:00,6,20,36.4,47.43,1,1
2026-01-18 21:00:00,6,21,50.81,24.93,1,2
2026-01-18 22:00:00,6,22,11.33,84.49,1,0
2026-01-18 23:00:00,6,23,14.95,84.93,1,0
2026-01-19 00:00:00,0,0,34.11,47.24,0,1
2026-01-19 01:00:00,0,1,10.95,81.91,0,0
2026-01-19 02:00:00,0,2,22.55,69.75,0,0
2026-01-19 03:00:00,0,3,21.61,65.87,0,0
2026-01-19 04:00:00,0,4,2.03,98.0,0,0
2026-01-19 05:00:00,0,5,3.26,97.01,0,0
2026-01-19 06:00:00,0,6,16.9,70.1,0,0
2026-01-19 07:00:00,0,7,30.56,59.55,0,1
2026-01-19 08:00:00,0,8,4.97,91.38,0,0
2026-01-19 09:00:00,0,9,18.92,72.62,0,0
2026-01-19 10:00:00,0,10,10.63,90.09,0,0
2026-01-19 11:00:00,0,11,31.12,50.93,0,1
2026-01-19 12:00:00,0,12,29.25,53.93,0,1
2026-01-19 13:00:00,0,13,25.98,66.42,0,0
2026-01-19 14:00:00,0,14,19.1,72.02,0,0
2026-01-19 15:00:00,0,15,15.72,79.98,0,0
2026-01-19 16:00:00,0,16,21.25,66.53,0,0
2026-01-19 17:00:00,0,17,18.58,75.26,0,0
2026-01-19 18:00:00,0,18,13.26,85.65,0,0
2026-01-19 19:00:00,0,19,21.11,67.25,0,0
2026-01-19 20:00:00,0,20,7.75,91.7,0,0
2026-01-19 21:00:00,0,21,15.73,77.93,0,0
2026-01-19 22:00:00,0,22,12.81,84.29,0,0
2026-01-19 23:00:00,0,23,15.14,79.23,0,0
2026-01-20 00:00:00,1,0,24.44,63.78,0,0
2026-01-20 01:00:00,1,1,22.01,64.53,0,0
2026-01-20 02:00:00,1,2,30.4,53.22,0,1
2026-01-20 03:00:00,1,3,22.01,70.81,0,0
2026-01-20 04:00:00,1,4,6.99,89.66,0,0
2026-01-20 05:00:00,1,5,24.11,66.07,0,0
2026-01-20 06:00:00,1,6,11.2,89.69,0,0
2026-01-20 07:00:00,1,7,34.38,49.09,0,1
2026-01-20 08:00:00,1,8,22.76,70.59,0,0
2026-01-20 09:00:00,1,9,6.74,90.72,0,0
2026-01-20 10:00:00,1,10,21.9,67.71,0,0
2026-01-20 11:00:00,1,11,34.1,49.43,0,1
2026-01-20 12:00:00,1,12,25.23,59.08,0,1
2026-01-20 13:00:00,1,13,18.34,70.38,0,0
2026-01-20 14:00:00,1,14,27.58,54.07,0,1
2026-01-20 15:00:00,1,15,27.96,59.19,0,1
2026-01-20 16:00:00,1,16,13.41,79.68,0,0
2026-01-20 17:00:00,1,17,34.12,54.46,0,1
2026-01-20 18:00:00,1,18,19.01,64.88,0,0
2026-01-20 19:00:00,1,19,33.52,48.21,0,1
2026-01-20 20:00:00,1,20,3.11,97.46,0,0
2026-01-20 21:00:00,1,21,25.29,60.37,0,0
2026-01-20 22:00:00,1,22,22.9,68.27,0,0
2026-01-20 23:00:00,1,23,28.49,56.97,0,1
2026-01-21 00:00:00,2,0,14.55,74.97,0,0
2026-01-21 01:00:00,2,1,22.06,64.83,0,0
2026-01-21 02:00:00,2,2,4.19,94.45,0,0
2026-01-21 03:00:00,2,3,11.42,83.93,0,0
2026-01-21 04:00:00,2,4,5.16,96.59,0,0
2026-01-21 05:00:00,2,5,3.91,97.49,0,0
2026-01-21 06:00:00,2,6,18.85,73.1,0,0
2026-01-21 07:00:00,2,7,2.33,97.86,0,0
2026-01-21 08:00:00,2,8,11.45,86.81,0,0
2026-01-21 09:00:00,2,9,19.88,72.3,0,0
2026-01-21 10:00:00,2,10,27.39,63.24,0,0
2026-01-21 11:00:00,2,11,4.18,98.0,0,0
2026-01-21 12:00:00,2,12,29.73,51.11,0,1
2026-01-21 13:00:00,2,13,16.06,73.87,0,0
2026-01-21 14:00:00,2,14,10.18,82.77,0,0
2026-01-21 15:00:00,2,15,14.17,73.07,0,0
2026-01-21 16:00:00,2,16,4.43,86.09,0,0
2026-01-21 17:00:00,2,17,2.75,98.0,0,0
2026-01-21 18:00:00,2,18,13.4,81.17,0,0
2026-01-21 19:00:00,2,19,19.16,71.12,0,0
2026-01-21 20:00:00,2,20,17.3,70.57,0,0
2026-01-21 21:00:00,2,21,27.76,61.0,0,0
2026-01-21 22:00:00,2,22,28.71,57.01,0,1
2026-01-21 23:00:00,2,23,8.06,81.78,0,0
2026-01-22 00:00:00,3,0,20.2,67.65,0,0
2026-01-22 01:00:00,3,1,23.19,64.37,0,0
2026-01-22 02:00:00,3,2,25.56,63.58,0,0
2026-01-22 03:00:00,3,3,15.58,78.34,0,0
2026-01-22 04:00:00,3,4,3.57,97.41,0,0
2026-01-22 05:00:00,3,5,33.8,47.36,0,1
2026-01-22 06:00:00,3,6,28.49,58.45,0,1
2026-01-22 07:00:00,3,7,19.22,73.08,0,0
2026-01-22 08:00:00,3,8,2.95,93.97,0,0
2026-01-22 09:00:00,3,9,19.82,70.86,0,0
2026-01-22 10:00:00,3,10,32.4,49.33,0,1
2026-01-22 11:00:00,3,11,9.81,85.87,0,0
2026-01-22 12:00:00,3,12,17.81,71.84,0,0
2026-01-22 13:00:00,3,13,31.7,53.72,0,1
2026-01-22 14:00:00,3,14,6.19,89.0,0,0
2026-01-22 15:00:00,3,15,14.78,84.25,0,0
2026-01-22 16:00:00,3,16,34.97,48.85,0,1
2026-01-22 17:00:00,3,17,31.99,52.38,0,1
2026-01-22 18:00:00,3,18,22.15,63.71,0,0
2026-01-22 19:00:00,3,19,22.23,61.66,0,0
2026-01-22 20:00:00,3,20,9.95,87.02,0,0
2026-01-22 21:00:00,3,21,3.83,98.0,0,0
2026-01-22 22:00:00,3,22,11.89,77.77,0,0
2026-01-22 23:00:00,3,23,32.61,54.23,0,1
2026-01-23 00:00:00,4,0,8.74,85.52,1,0
2026-01-23 01:00:00,4,1,8.96,86.45,1,0
2026-01-23 02:00:00,4,2,31.93,54.75,1,1
2026-01-23 03:00:00,4,3,30.02,50.24,1,1
2026-01-23 04:00:00,4,4,39.45,44.96,1,1
2026-01-23 05:00:00,4,5,44.48,34.46,1,2
2026-01-23 06:00:00,4,6,12.53,81.99,1,0
2026-01-23 07:00:00,4,7,47.51,26.72,1,2
2026-01-23 08:00:00,4,8,39.17,44.77,1,1
2026-01-23 09:00:00,4,9,20.07,68.79,1,0
2026-01-23 10:00:00,4,10,43.53,26.16,1,2
2026-01-23 11:00:00,4,11,28.95,51.35,1,1
2026-01-23 12:00:00,4,12,34.77,44.49,1,1
2026-01-23 13:00:00,4,13,34.01,52.47,1,1
2026-01-23 14:00:00,4,14,27.83,59.29,1,1
2026-01-23 15:00:00,4,15,11.74,83.82,1,0
2026-01-23 16:00:00,4,16,29.58,51.79,1,1
2026-01-23 17:00:00,4,17,12.88,79.2,1,0
2026-01-23 18:00:00,4,18,30.46,53.02,1,1
2026-01-23 19:00:00,4,19,17.56,76.22,1,0
2026-01-23 20:00:00,4,20,9.24,85.1,1,0
2026-01-23 21:00:00,4,21,3.44,98.0,1,0
2026-01-23 22:00:00,4,22,44.97,33.83,1,2
2026-01-23 23:00:00,4,23,3.45,95.55,1,0
2026-01-24 00:00:00,5,0,23.03,64.86,1,0
2026-01-24 01:00:00,5,1,51.26,23.0,1,2
2026-01-24 02:00:00,5,2,7.54,88.84,1,0
2026-01-24 03:00:00,5,3,35.79,46.07,1,1
2026-01-24 04:00:00,5,4,39.16,35.27,1,1
2026-01-24 05:00:00,5,5,11.39,83.95,1,0
2026-01-24 06:00:00,5,6,39.98,31.34,1,1
2026-01-24 07:00:00,5,7,37.62,43.16,1,1
2026-01-24 08:00:00,5,8,12.36,78.34,1,0
2026-01-24 09:00:00,5,9,33.52,46.56,1,1
2026-01-24 10:00:00,5,10,44.73,38.64,1,2
2026-01-24 11:00:00,5,11,45.49,32.42,1,2
2026-01-24 12:00:00,5,12,5.84,92.72,1,0
2026-01-24 13:00:00,5,13,11.1,84.45,1,0
2026-01-24 14:00:00,5,14,24.42,63.19,1,0
2026-01-24 15:00:00,5,15,2.91,98.0,1,0
2026-01-24 16:00:00,5,16,33.09,53.93,1,1
2026-01-24 17:00:00,5,17,35.95,42.64,1,1
2026-01-24 18:00:00,5,18,8.93,83.16,1,0
2026-01-24 19:00:00,5,19,34.1,46.58,1,1
2026-01-24 20:00:00,5,20,19.13,72.29,1,0
2026-01-24 21:00:00,5,21,34.18,50.0,1,1
2026-01-24 22:00:00,5,22,4.09,95.23,1,0
2026-01-24 23:00:00,5,23,28.87,59.59,1,1
2026-01-25 00:00:00,6,0,3.7,90.77,1,0
2026-01-25 01:00:00,6,1,32.09,53.97,1,1
2026-01-25 02:00:00,6,2,14.47,82.42,1,0
2026-01-25 03:00:00,6,3,9.16,86.64,1,0
2026-01-25 04:00:00,6,4,28.72,56.97,1,1
2026-01-25 05:00:00,6,5,7.74,4.07,1,2
2026-01-25 06:00:00,6,6,26.46,57.76,1,1
2026-01-25 07:00:00,6,7,21.64,61.09,1,0
2026-01-25 08:00:00,6,8,50.18,20.76,1,2
2026-01-25 09:00:00,6,9,50.0,28.03,1,2
2026-01-25 10:00:00,6,10,15.12,84.08,1,0
2026-01-25 11:00:00,6,11,32.54,50.22,1,1
2026-01-25 12:00:00,6,12,53.23,27.02,1,2
2026-01-25 13:00:00,6,13,33.01,45.55,1,1
2026-01-25 14:00:00,6,14,19.95,77.4,1,0
2026-01-25 15:00:00,6,15,44.43,35.05,1,2
2026-01-25 16:00:00,6,16,28.79,59.38,1,1
2026-01-25 17:00:00,6,17,19.48,71.62,1,0
2026-01-25 18:00:00,6,18,4.94,92.4,1,0
2026-01-25 19:00:00,6,19,41.73,36.56,1,1
2026-01-25 20:00:00,6,20,32.43,51.07,1,1
2026-01-25 21:00:00,6,21,32.84,47.42,1,1
2026-01-25 22:00:00,6,22,6.0,95.18,1,0
2026-01-25 23:00:00,6,23,29.19,51.5,1,1
2026-01-26 00:00:00,0,0,18.46,75.13,0,0
2026-01-26 01:00:00,0,1,15.73,75.74,0,0
2026-01-26 02:00:00,0,2,23.89,61.26,0,0
2026-01-26 03:00:00,0,3,20.49,65.26,0,0
2026-01-26 04:00:00,0,4,31.45,53.79,0,1
2026-01-26 05:00:00,0,5,7.19,90.54,0,0
2026-01-26 06:00:00,0,6,5.96,92.72,0,0
2026-01-26 07:00:00,0,7,15.6,80.69,0,0
2026-01-26 08:00:00,0,8,20.16,68.47,0,0
2026-01-26 09:00:00,0,9,27.78,59.96,0,1
2026-01-26 10:00:00,0,10,15.35,77.1,0,0
2026-01-26 11:00:00,0,11,23.04,63.45,0,0
2026-01-26 12:00:00,0,12,20.21,74.93,0,0
2026-01-26 13:00:00,0,13,10.12,82.73,0,0
2026-01-26 14:00:00,0,14,12.07,84.58,0,0
2026-01-26 15:00:00,0,15,8.88,90.43,0,0
2026-01-26 16:00:00,0,16,5.54,92.53,0,0
2026-01-26 17:00:00,0,17,4.47,98.0,0,0
2026-01-26 18:00:00,0,18,26.22,61.59,0,0
2026-01-26 19:00:00,0,19,30.04,56.18,0,1
2026-01-26 20:00:00,0,20,27.48,58.39,0,1
2026-01-26 21:00:00,0,21,26.16,60.32,0,0
2026-01-26 22:00:00,0,22,20.43,75.98,0,0
2026-01-26 23:00:00,0,23,25.15,58.17,0,1
2026-01-27 00:00:00,1,0,31.5,60.49,0,0
2026-01-27 01:00:00,1,1,23.66,69.42,0,0
2026-01-27 02:00:00,1,2,27.35,57.32,0,1
2026-01-27 03:00:00,1,3,11.76,87.25,0,0
2026-01-27 04:00:00,1,4,33.83,48.64,0,1
2026-01-27 05:00:00,1,5,12.4,78.36,0,0
2026-01-27 06:00:00,1,6,10.99,79.85,0,0
2026-01-27 07:00:00,1,7,18.71,69.62,0,0
2026-01-27 08:00:00,1,8,7.51,84.06,0,0
2026-01-27 09:00:00,1,9,34.25,51.13,0,1
2026-01-27 10:00:00,1,10,1.05,98.0,0,0
2026-01-27 11:00:00,1,11,28.36,53.82,0,1
2026-01-27 12:00:00,1,12,8.72,88.18,0,0
2026-01-27 13:00:00,1,13,22.1,66.68,0,0
2026-01-27 14:00:00,1,14,7.61,88.81,0,0
2026-01-27 15:00:00,1,15,16.3,72.78,0,0
2026-01-27 16:00:00,1,16,32.2,47.46,0,1
2026-01-27 17:00:00,1,17,14.98,74.81,0,0
2026-01-27 18:00:00,1,18,25.75,65.09,0,0
2026-01-27 19:00:00,1,19,9.79,87.14,0,0
2026-01-27 20:00:00,1,20,24.42,62.42,0,0
2026-01-27 21:00:00,1,21,19.65,70.95,0,0
2026-01-27 22:00:00,1,22,32.82,51.95,0,1
2026-01-27 23:00:00,1,23,26.79,58.89,0,1
2026-01-28 00:00:00,2,0,27.11,7.76,0,2
2026-01-28 01:00:00,2,1,28.2,60.57,0,0
2026-01-28 02:00:00,2,2,8.26,83.61,0,0
2026-01-28 03:00:00,2,3,2.74,97.41,0,0
2026-01-28 04:00:00,2,4,1.98,90.57,0,0
2026-01-28 05:00:00,2,5,19.51,78.21,0,0
2026-01-28 06:00:00,2,6,7.54,91.2,0,0
2026-01-28 07:00:00,2,7,2.97,95.25,0,0
2026-01-28 08:00:00,2,8,10.61,83.21,0,0
2026-01-28 09:00:00,2,9,6.54,91.15,0,0
2026-01-28 10:00:00,2,10,23.1,68.33,0,0
2026-01-28 11:00:00,2,11,25.45,59.56,0,1
2026-01-28 12:00:00,2,12,25.64,58.84,0,1
2026-01-28 13:00:00,2,13,30.4,54.37,0,1
2026-01-28 14:00:00,2,14,2.69,97.38,0,0
2026-01-28 15:00:00,2,15,21.41,70.34,0,0
2026-01-28 16:00:00,2,16,24.15,65.45,0,0
2026-01-28 17:00:00,2,17,16.34,71.55,0,0
2026-01-28 18:00:00,2,18,13.13,79.39,0,0
2026-01-28 19:00:00,2,19,1.95,96.52,0,0
2026-01-28 20:00:00,2,20,12.62,82.66,0,0
2026-01-28 21:00:00,2,21,24.0,65.46,0,0
2026-01-28 22:00:00,2,22,13.79,73.39,0,0
2026-01-28 23:00:00,2,23,10.41,83.96,0,0
2026-01-29 00:00:00,3,0,34.21,50.49,0,1
2026-01-29 01:00:00,3,1,24.13,67.46,0,0
2026-01-29 02:00:00,3,2,10.26,89.07,0,0
2026-01-29 03:00:00,3,3,25.98,60.02,0,0
2026-01-29 04:00:00,3,4,28.69,56.05,0,1
2026-01-29 05:00:00,3,5,33.5,50.26,0,1
2026-01-29 06:00:00,3,6,10.24,84.65,0,0
2026-01-29 07:00:00,3,7,11.3,86.62,0,0
2026-01-29 08:00:00,3,8,22.37,61.99,0,0
2026-01-29 09:00:00,3,9,26.28,63.38,0,0
2026-01-29 10:00:00,3,10,18.64,71.36,0,0
2026-01-29 11:00:00,3,11,25.28,56.68,0,1
2026-01-29 12:00:00,3,12,26.6,62.37,0,0
2026-01-29 13:00:00,3,13,3.45,87.05,0,0
2026-01-29 14:00:00,3,14,20.33,70.68,0,0
2026-01-29 15:00:00,3,15,25.87,61.74,0,0
2026-01-29 16:00:00,3,16,33.48,51.52,0,1
2026-01-29 17:00:00,3,17,17.33,71.08,0,0
2026-01-29 18:00:00,3,18,29.77,54.86,0,1
2026-01-29 19:00:00,3,19,12.18,78.93,0,0
2026-01-29 20:00:00,3,20,22.76,63.2,0,0
2026-01-29 21:00:00,3,21,27.83,63.39,0,0
2026-01-29 22:00:00,3,22,24.46,58.47,0,1
2026-01-29 23:00:00,3,23,7.88,87.55,0,0
2026-01-30 00:00:00,4,0,9.8,88.43,1,0
2026-01-30 01:00:00,4,1,35.27,52.57,1,1
2026-01-30 02:00:00,4,2,36.9,43.19,1,1
2026-01-30 03:00:00,4,3,39.55,38.86,1,1
2026-01-30 04:00:00,4,4,23.35,65.88,1,0
2026-01-30 05:00:00,4,5,35.32,51.71,1,1
2026-01-30 06:00:00,4,6,14.04,76.68,1,0
2026-01-30 07:00:00,4,7,47.18,27.19,1,2
2026-01-30 08:00:00,4,8,26.56,60.57,1,0
2026-01-30 09:00:00,4,9,47.22,29.73,1,2
2026-01-30 10:00:00,4,10,11.89,79.25,1,0
2026-01-30 11:00:00,4,11,21.77,65.37,1,0
2026-01-30 12:00:00,4,12,42.54,37.8,1,2
2026-01-30 13:00:00,4,13,8.88,88.83,1,0
2026-01-30 14:00:00,4,14,31.59,50.35,1,1
2026-01-30 15:00:00,4,15,50.88,28.18,1,2
2026-01-30 16:00:00,4,16,5.96,90.31,1,0
2026-01-30 17:00:00,4,17,35.93,47.77,1,1
2026-01-30 18:00:00,4,18,35.35,53.47,1,1
2026-01-30 19:00:00,4,19,26.77,62.63,1,0
2026-01-30 20:00:00,4,20,40.69,39.78,1,1
2026-01-30 21:00:00,4,21,24.09,65.39,1,0
2026-01-30 22:00:00,4,22,50.85,26.94,1,2
2026-01-30 23:00:00,4,23,24.87,60.17,1,0
2026-01-31 00:00:00,5,0,33.76,43.46,1,1
2026-01-31 01:00:00,5,1,10.83,80.44,1,0
2026-01-31 02:00:00,5,2,29.46,54.98,1,1
2026-01-31 03:00:00,5,3,16.74,77.33,1,0
2026-01-31 04:00:00,5,4,31.39,51.17,1,1
2026-01-31 05:00:00,5,5,57.3,14.89,1,2
2026-01-31 06:00:00,5,6,25.3,66.87,1,0
2026-01-31 07:00:00,5,7,18.39,74.62,1,0
2026-01-31 08:00:00,5,8,20.8,72.33,1,0
2026-01-31 09:00:00,5,9,11.47,78.91,1,0
2026-01-31 10:00:00,5,10,9.76,83.41,1,0
2026-01-31 11:00:00,5,11,22.84,67.49,1,0
2026-01-31 12:00:00,5,12,33.34,50.06,1,1
2026-01-31 13:00:00,5,13,37.69,48.57,1,1
2026-01-31 14:00:00,5,14,44.14,41.59,1,2
2026-01-31 15:00:00,5,15,26.06,55.62,1,1
2026-01-31 16:00:00,5,16,29.54,56.83,1,1
2026-01-31 17:00:00,5,17,27.3,61.07,1,0
2026-01-31 18:00:00,5,18,29.39,52.24,1,1
2026-01-31 19:00:00,5,19,37.71,40.89,1,1
2026-01-31 20:00:00,5,20,12.62,82.83,1,0
2026-01-31 21:00:00,5,21,21.92,68.3,1,0
2026-01-31 22:00:00,5,22,29.69,56.8,1,1
2026-01-31 23:00:00,5,23,25.96,59.22,1,1
2026-02-01 00:00:00,6,0,5.58,91.67,1,0
2026-02-01 01:00:00,6,1,24.32,65.46,1,0
2026-02-01 02:00:00,6,2,5.83,92.52,1,0
2026-02-01 03:00:00,6,3,46.89,28.35,1,2
2026-02-01 04:00:00,6,4,46.62,28.95,1,2
2026-02-01 05:00:00,6,5,20.45,68.13,1,0
2026-02-01 06:00:00,6,6,28.35,60.28,1,0
2026-02-01 07:00:00,6,7,3.8,89.02,1,0
2026-02-01 08:00:00,6,8,41.8,41.09,1,1
2026-02-01 09:00:00,6,9,45.7,39.13,1,2
2026-02-01 10:00:00,6,10,16.95,75.12,1,0
2026-02-01 11:00:00,6,11,55.83,22.27,1,2
2026-02-01 12:00:00,6,12,38.07,46.52,1,1
2026-02-01 13:00:00,6,13,44.2,35.48,1,2
2026-02-01 14:00:00,6,14,18.89,70.01,1,0
2026-02-01 15:00:00,6,15,52.43,21.35,1,2
2026-02-01 16:00:00,6,16,33.49,48.4,1,1
2026-02-01 17:00:00,6,17,14.28,81.44,1,0
2026-02-01 18:00:00,6,18,31.14,57.73,1,1
2026-02-01 19:00:00,6,19,3.53,94.13,1,0
2026-02-01 20:00:00,6,20,14.11,73.23,1,0
2026-02-01 21:00:00,6,21,22.01,66.62,1,0
2026-02-01 22:00:00,6,22,51.22,25.06,1,2
2026-02-01 23:00:00,6,23,16.99,80.07,1,0
2026-02-02 00:00:00,0,0,13.09,82.11,0,0
2026-02-02 01:00:00,0,1,32.7,48.07,0,1
2026-02-02 02:00:00,0,2,19.12,74.58,0,0
2026-02-02 03:00:00,0,3,23.18,69.86,0,0
2026-02-02 04:00:00,0,4,21.65,64.17,0,0
2026-02-02 05:00:00,0,5,8.07,82.59,0,0
2026-02-02 06:00:00,0,6,30.55,53.73,0,1
2026-02-02 07:00:00,0,7,7.12,84.54,0,0
2026-02-02 08:00:00,0,8,26.45,58.72,0,1
2026-02-02 09:00:00,0,9,21.16,59.64,0,1
2026-02-02 10:00:00,0,10,14.95,82.9,0,0
2026-02-02 11:00:00,0,11,35.2,45.83,0,1
2026-02-02 12:00:00,0,12,33.21,51.59,0,1
2026-02-02 13:00:00,0,13,7.41,89.78,0,0
2026-02-02 14:00:00,0,14,5.15,95.96,0,0
2026-02-02 15:00:00,0,15,15.88,75.57,0,0
2026-02-02 16:00:00,0,16,3.75,91.89,0,0
2026-02-02 17:00:00,0,17,21.49,68.87,0,0
2026-02-02 18:00:00,0,18,30.14,52.38,0,1
2026-02-02 19:00:00,0,19,34.07,48.07,0,1
2026-02-02 20:00:00,0,20,17.41,71.64,0,0
2026-02-02 21:00:00,0,21,24.89,65.32,0,0
2026-02-02 22:00:00,0,22,15.98,75.19,0,0
2026-02-02 23:00:00,0,23,11.08,84.93,0,0
2026-02-03 00:00:00,1,0,28.2,56.12,0,1
2026-02-03 01:00:00,1,1,18.15,69.01,0,0
2026-02-03 02:00:00,1,2,30.88,49.62,0,1
2026-02-03 03:00:00,1,3,4.42,93.27,0,0
2026-02-03 04:00:00,1,4,18.57,75.63,0,0
2026-02-03 05:00:00,1,5,21.72,64.99,0,0
2026-02-03 06:00:00,1,6,6.5,93.7,0,0
2026-02-03 07:00:00,1,7,24.95,62.76,0,0
2026-02-03 08:00:00,1,8,31.26,55.2,0,1
2026-02-03 09:00:00,1,9,28.83,55.65,0,1
2026-02-03 10:00:00,1,10,21.85,67.48,0,0
2026-02-03 11:00:00,1,11,2.95,86.81,0,0
2026-02-03 12:00:00,1,12,25.18,64.94,0,0
2026-02-03 13:00:00,1,13,24.19,60.68,0,0
2026-02-03 14:00:00,1,14,27.03,65.62,0,0
2026-02-03 15:00:00,1,15,4.93,90.43,0,0
2026-02-03 16:00:00,1,16,20.79,72.94,0,0
2026-02-03 17:00:00,1,17,12.19,79.32,0,0
2026-02-03 18:00:00,1,18,4.65,90.17,0,0
2026-02-03 19:00:00,1,19,24.73,67.78,0,0
2026-02-03 20:00:00,1,20,20.29,68.8,0,0
2026-02-03 21:00:00,1,21,25.29,57.38,0,1
2026-02-03 22:00:00,1,22,13.73,79.17,0,0
2026-02-03 23:00:00,1,23,29.93,64.68,0,0
2026-02-04 00:00:00,2,0,10.16,82.51,0,0
2026-02-04 01:00:00,2,1,2.21,98.0,0,0
2026-02-04 02:00:00,2,2,11.88,77.87,0,0
2026-02-04 03:00:00,2,3,31.82,50.26,0,1
2026-02-04 04:00:00,2,4,32.45,54.57,0,1
2026-02-04 05:00:00,2,5,8.53,91.05,0,0
2026-02-04 06:00:00,2,6,26.58,62.69,0,0
2026-02-04 07:00:00,2,7,14.56,75.62,0,0
2026-02-04 08:00:00,2,8,10.92,86.71,0,0
2026-02-04 09:00:00,2,9,24.89,61.46,0,0
2026-02-04 10:00:00,2,10,28.83,58.02,0,1
2026-02-04 11:00:00,2,11,26.1,57.64,0,1
2026-02-04 12:00:00,2,12,8.64,91.27,0,0
2026-02-04 13:00:00,2,13,27.67,59.86,0,1
2026-02-04 14:00:00,2,14,15.35,78.27,0,0
2026-02-04 15:00:00,2,15,4.67,95.96,0,0
2026-02-04 16:00:00,2,16,23.83,72.02,0,0
2026-02-04 17:00:00,2,17,25.11,63.31,0,0
2026-02-04 18:00:00,2,18,32.41,3.54,0,2
2026-02-04 19:00:00,2,19,6.19,4.98,0,2
2026-02-04 20:00:00,2,20,24.3,67.5,0,0
2026-02-04 21:00:00,2,21,16.24,79.06,0,0
2026-02-04 22:00:00,2,22,34.17,48.39,0,1
2026-02-04 23:00:00,2,23,16.67,73.17,0,0
2026-02-05 00:00:00,3,0,13.74,79.32,0,0
2026-02-05 01:00:00,3,1,17.07,72.88,0,0
2026-02-05 02:00:00,3,2,34.99,49.16,0,1
2026-02-05 03:00:00,3,3,33.57,48.55,0,1
2026-02-05 04:00:00,3,4,1.94,94.32,0,0
2026-02-05 05:00:00,3,5,14.09,77.9,0,0
2026-02-05 06:00:00,3,6,14.76,82.42,0,0
2026-02-05 07:00:00,3,7,7.54,87.39,0,0
2026-02-05 08:00:00,3,8,25.82,61.2,0,0
2026-02-05 09:00:00,3,9,23.54,65.67,0,0
2026-02-05 10:00:00,3,10,31.67,56.06,0,1
2026-02-05 11:00:00,3,11,9.27,86.69,0,0
2026-02-05 12:00:00,3,12,11.72,81.64,0,0
2026-02-05 13:00:00,3,13,26.08,59.45,0,1
2026-02-05 14:00:00,3,14,12.15,77.74,0,0
2026-02-05 15:00:00,3,15,19.68,76.3,0,0
2026-02-05 16:00:00,3,16,24.91,60.6,0,0
2026-02-05 17:00:00,3,17,8.01,88.53,0,0
2026-02-05 18:00:00,3,18,2.73,97.38,0,0
2026-02-05 19:00:00,3,19,12.44,3.51,0,2
2026-02-05 20:00:00,3,20,4.43,92.63,0,0
2026-02-05 21:00:00,3,21,7.91,93.84,0,0
2026-02-05 22:00:00,3,22,5.36,89.04,0,0
2026-02-05 23:00:00,3,23,31.82,51.91,0,1
2026-02-06 00:00:00,4,0,12.13,84.34,1,0
2026-02-06 01:00:00,4,1,7.32,88.75,1,0
2026-02-06 02:00:00,4,2,34.46,48.88,1,1
2026-02-06 03:00:00,4,3,29.13,55.0,1,1
2026-02-06 04:00:00,4,4,7.62,87.79,1,0
2026-02-06 05:00:00,4,5,6.04,92.79,1,0
2026-02-06 06:00:00,4,6,11.29,86.32,1,0
2026-02-06 07:00:00,4,7,35.17,49.66,1,1
2026-02-06 08:00:00,4,8,24.54,68.7,1,0
2026-02-06 09:00:00,4,9,16.35,74.43,1,0
2026-02-06 10:00:00,4,10,57.32,13.11,1,2
2026-02-06 11:00:00,4,11,7.71,83.59,1,0
2026-02-06 12:00:00,4,12,11.35,79.77,1,0
2026-02-06 13:00:00,4,13,30.83,9.57,1,2
2026-02-06 14:00:00,4,14,5.82,90.76,1,0
2026-02-06 15:00:00,4,15,7.76,91.85,1,0
2026-02-06 16:00:00,4,16,15.11,78.05,1,0
2026-02-06 17:00:00,4,17,22.87,67.2,1,0
2026-02-06 18:00:00,4,18,39.15,44.28,1,1
2026-02-06 19:00:00,4,19,24.58,65.16,1,0
2026-02-06 20:00:00,4,20,39.79,34.82,1,1
2026-02-06 21:00:00,4,21,6.48,94.41,1,0
2026-02-06 22:00:00,4,22,15.36,79.82,1,0
2026-02-06 23:00:00,4,23,32.28,55.52,1,1
2026-02-07 00:00:00,5,0,42.93,37.84,1,2
2026-02-07 01:00:00,5,1,40.91,33.83,1,1
2026-02-07 02:00:00,5,2,24.3,61.01,1,0
2026-02-07 03:00:00,5,3,30.87,53.16,1,1
2026-02-07 04:00:00,5,4,44.38,35.08,1,2
2026-02-07 05:00:00,5,5,29.01,61.58,1,0
2026-02-07 06:00:00,5,6,13.1,80.93,1,0
2026-02-07 07:00:00,5,7,55.59,12.65,1,2
2026-02-07 08:00:00,5,8,54.32,18.4,1,2
2026-02-07 09:00:00,5,9,14.45,76.25,1,0
2026-02-07 10:00:00,5,10,38.15,42.53,1,1
2026-02-07 11:00:00,5,11,26.97,61.83,1,0
2026-02-07 12:00:00,5,12,42.31,32.17,1,2
2026-02-07 13:00:00,5,13,35.19,44.95,1,1
2026-02-07 14:00:00,5,14,59.9,14.18,1,2
2026-02-07 15:00:00,5,15,5.83,91.6,1,0
2026-02-07 16:00:00,5,16,8.89,88.68,1,0
2026-02-07 17:00:00,5,17,18.37,70.19,1,0
2026-02-07 18:00:00,5,18,14.22,76.28,1,0
2026-02-07 19:00:00,5,19,47.58,28.69,1,2
2026-02-07 20:00:00,5,20,15.33,76.82,1,0
2026-02-07 21:00:00,5,21,6.53,85.66,1,0
2026-02-07 22:00:00,5,22,9.31,81.28,1,0
2026-02-07 23:00:00,5,23,13.49,81.29,1,0
2026-02-08 00:00:00,6,0,51.5,25.44,1,2
2026-02-08 01:00:00,6,1,15.53,77.14,1,0
2026-02-08 02:00:00,6,2,8.96,89.24,1,0
2026-02-08 03:00:00,6,3,18.05,70.25,1,0
2026-02-08 04:00:00,6,4,52.56,19.0,1,2
2026-02-08 05:00:00,6,5,41.85,34.26,1,1
2026-02-08 06:00:00,6,6,56.17,15.97,1,2
2026-02-08 07:00:00,6,7,27.09,57.42,1,1
2026-02-08 08:00:00,6,8,37.85,44.56,1,1
2026-02-08 09:00:00,6,9,27.96,62.3,1,0
2026-02-08 10:00:00,6,10,52.51,21.28,1,2
2026-02-08 11:00:00,6,11,38.12,43.53,1,1
2026-02-08 12:00:00,6,12,18.63,72.92,1,0
2026-02-08 13:00:00,6,13,46.73,31.0,1,2
2026-02-08 14:00:00,6,14,3.29,95.4,1,0
2026-02-08 15:00:00,6,15,49.85,24.61,1,2
2026-02-08 16:00:00,6,16,44.55,27.53,1,2
2026-02-08 17:00:00,6,17,22.58,66.41,1,0
2026-02-08 18:00:00,6,18,48.21,24.61,1,2
2026-02-08 19:00:00,6,19,20.76,66.27,1,0
2026-02-08 20:00:00,6,20,5.02,93.76,1,0
2026-02-08 21:00:00,6,21,24.79,68.14,1,0
2026-02-08 22:00:00,6,22,29.23,58.91,1,1
2026-02-08 23:00:00,6,23,49.59,23.61,1,2
2026-02-09 00:00:00,0,0,10.34,83.75,0,0
2026-02-09 01:00:00,0,1,23.03,66.24,0,0
2026-02-09 02:00:00,0,2,7.37,91.37,0,0
2026-02-09 03:00:00,0,3,23.23,59.9,0,1
2026-02-09 04:00:00,0,4,17.49,68.78,0,0
2026-02-09 05:00:00,0,5,16.24,79.02,0,0
2026-02-09 06:00:00,0,6,33.64,48.31,0,1
2026-02-09 07:00:00,0,7,17.62,72.92,0,0
2026-02-09 08:00:00,0,8,21.08,70.72,0,0
2026-02-09 09:00:00,0,9,29.81,59.48,0,1
2026-02-09 10:00:00,0,10,26.91,59.0,0,1
2026-02-09 11:00:00,0,11,32.18,49.31,0,1
2026-02-09 12:00:00,0,12,8.28,92.43,0,0
2026-02-09 13:00:00,0,13,20.33,67.73,0,0
2026-02-09 14:00:00,0,14,4.89,93.51,0,0
2026-02-09 15:00:00,0,15,12.42,82.64,0,0
2026-02-09 16:00:00,0,16,5.0,92.46,0,0
2026-02-09 17:00:00,0,17,26.56,60.18,0,0
2026-02-09 18:00:00,0,18,10.57,83.81,0,0
2026-02-09 19:00:00,0,19,28.01,56.88,0,1
2026-02-09 20:00:00,0,20,18.27,77.39,0,0
2026-02-09 21:00:00,0,21,22.85,64.84,0,0
2026-02-09 22:00:00,0,22,15.36,75.96,0,0
2026-02-09 23:00:00,0,23,33.06,51.52,0,1
2026-02-10 00:00:00,1,0,24.44,64.69,0,0
2026-02-10 01:00:00,1,1,23.4,61.51,0,0
2026-02-10 02:00:00,1,2,28.91,57.07,0,1
2026-02-10 03:00:00,1,3,34.09,55.56,0,1
2026-02-10 04:00:00,1,4,20.51,70.74,0,0
2026-02-10 05:00:00,1,5,2.57,94.51,0,0
2026-02-10 06:00:00,1,6,17.93,71.24,0,0
2026-02-10 07:00:00,1,7,11.89,80.75,0,0
2026-02-10 08:00:00,1,8,27.19,61.46,0,0
2026-02-10 09:00:00,1,9,22.51,66.96,0,0
2026-02-10 10:00:00,1,10,20.61,66.33,0,0
2026-02-10 11:00:00,1,11,27.05,58.56,0,1
2026-02-10 12:00:00,1,12,25.65,67.39,0,0
2026-02-10 13:00:00,1,13,31.29,54.55,0,1
2026-02-10 14:00:00,1,14,25.88,60.86,0,0
2026-02-10 15:00:00,1,15,9.62,81.05,0,0
2026-02-10 16:00:00,1,16,18.46,73.71,0,0
2026-02-10 17:00:00,1,17,27.09,59.65,0,1
2026-02-10 18:00:00,1,18,8.4,86.23,0,0
2026-02-10 19:00:00,1,19,22.05,65.9,0,0
2026-02-10 20:00:00,1,20,10.42,83.26,0,0
2026-02-10 21:00:00,1,21,2.42,96.29,0,0
2026-02-10 22:00:00,1,22,35.18,47.08,0,1
2026-02-10 23:00:00,1,23,10.98,87.32,0,0
2026-02-11 00:00:00,2,0,11.68,80.52,0,0
2026-02-11 01:00:00,2,1,27.87,62.32,0,0
2026-02-11 02:00:00,2,2,12.32,90.93,0,0
2026-02-11 03:00:00,2,3,27.98,58.7,0,1
2026-02-11 04:00:00,2,4,27.87,59.05,0,1
2026-02-11 05:00:00,2,5,6.53,92.14,0,0
2026-02-11 06:00:00,2,6,18.24,72.91,0,0
2026-02-11 07:00:00,2,7,19.66,70.05,0,0
2026-02-11 08:00:00,2,8,21.47,71.2,0,0
2026-02-11 09:00:00,2,9,10.07,76.07,0,0
2026-02-11 10:00:00,2,10,18.12,73.4,0,0
2026-02-11 11:00:00,2,11,11.23,81.99,0,0
2026-02-11 12:00:00,2,12,3.22,98.0,0,0
2026-02-11 13:00:00,2,13,34.58,49.35,0,1
2026-02-11 14:00:00,2,14,33.11,5.21,0,2
2026-02-11 15:00:00,2,15,27.09,61.95,0,0
2026-02-11 16:00:00,2,16,32.9,52.19,0,1
2026-02-11 17:00:00,2,17,25.99,62.57,0,0
2026-02-11 18:00:00,2,18,26.24,61.93,0,0
2026-02-11 19:00:00,2,19,33.87,51.45,0,1
2026-02-11 20:00:00,2,20,8.85,88.85,0,0
2026-02-11 21:00:00,2,21,23.95,67.28,0,0
2026-02-11 22:00:00,2,22,23.02,62.82,0,0
2026-02-11 23:00:00,2,23,22.61,63.85,0,0
2026-02-12 00:00:00,3,0,23.08,64.95,0,0
2026-02-12 01:00:00,3,1,26.14,59.87,0,1
2026-02-12 02:00:00,3,2,9.0,87.14,0,0
2026-02-12 03:00:00,3,3,5.55,89.23,0,0
2026-02-12 04:00:00,3,4,3.27,97.9,0,0
2026-02-12 05:00:00,3,5,28.97,54.26,0,1
2026-02-12 06:00:00,3,6,12.64,78.22,0,0
2026-02-12 07:00:00,3,7,15.47,76.21,0,0
2026-02-12 08:00:00,3,8,16.04,69.92,0,0
2026-02-12 09:00:00,3,9,32.11,48.12,0,1
2026-02-12 10:00:00,3,10,17.77,74.18,0,0
2026-02-12 11:00:00,3,11,4.53,89.28,0,0
2026-02-12 12:00:00,3,12,7.91,88.68,0,0
2026-02-12 13:00:00,3,13,4.19,97.43,0,0
2026-02-12 14:00:00,3,14,13.57,78.17,0,0
2026-02-12 15:00:00,3,15,13.56,76.74,0,0
2026-02-12 16:00:00,3,16,13.21,81.71,0,0
2026-02-12 17:00:00,3,17,34.5,56.53,0,1
2026-02-12 18:00:00,3,18,19.59,69.09,0,0
2026-02-12 19:00:00,3,19,15.3,71.74,0,0
2026-02-12 20:00:00,3,20,4.7,91.73,0,0
2026-02-12 21:00:00,3,21,23.28,65.54,0,0
2026-02-12 22:00:00,3,22,19.47,74.16,0,0
2026-02-12 23:00:00,3,23,25.29,62.03,0,0
2026-02-13 00:00:00,4,0,45.32,32.49,1,2
2026-02-13 01:00:00,4,1,7.41,86.29,1,0
2026-02-13 02:00:00,4,2,3.51,93.82,1,0
2026-02-13 03:00:00,4,3,45.22,29.71,1,2
2026-02-13 04:00:00,4,4,4.89,95.29,1,0
2026-02-13 05:00:00,4,5,41.89,37.75,1,1
2026-02-13 06:00:00,4,6,9.77,84.94,1,0
2026-02-13 07:00:00,4,7,16.89,74.35,1,0
2026-02-13 08:00:00,4,8,34.21,46.93,1,1
2026-02-13 09:00:00,4,9,20.82,68.36,1,0
2026-02-13 10:00:00,4,10,12.79,83.59,1,0
2026-02-13 11:00:00,4,11,16.5,78.95,1,0
2026-02-13 12:00:00,4,12,42.4,36.99,1,2
2026-02-13 13:00:00,4,13,36.95,43.62,1,1
2026-02-13 14:00:00,4,14,41.37,41.55,1,1
2026-02-13 15:00:00,4,15,18.62,70.72,1,0
2026-02-13 16:00:00,4,16,41.88,38.98,1,1
2026-02-13 17:00:00,4,17,42.68,29.09,1,2
2026-02-13 18:00:00,4,18,34.58,44.47,1,1
2026-02-13 19:00:00,4,19,9.25,85.69,1,0
2026-02-13 20:00:00,4,20,30.43,58.71,1,1
2026-02-13 21:00:00,4,21,39.07,42.29,1,1
2026-02-13 22:00:00,4,22,11.92,78.71,1,0
2026-02-13 23:00:00,4,23,45.14,32.06,1,2
2026-02-14 00:00:00,5,0,29.05,53.22,1,1
2026-02-14 01:00:00,5,1,21.02,70.92,1,0
2026-02-14 02:00:00,5,2,42.28,33.87,1,2
2026-02-14 03:00:00,5,3,25.38,65.3,1,0
2026-02-14 04:00:00,5,4,12.1,86.78,1,0
2026-02-14 05:00:00,5,5,17.48,75.69,1,0
2026-02-14 06:00:00,5,6,36.25,47.43,1,1
2026-02-14 07:00:00,5,7,36.0,45.51,1,1
2026-02-14 08:00:00,5,8,30.21,51.68,1,1
2026-02-14 09:00:00,5,9,53.37,18.4,1,2
2026-02-14 10:00:00,5,10,19.71,67.46,1,0
2026-02-14 11:00:00,5,11,18.53,71.63,1,0
2026-02-14 12:00:00,5,12,28.81,59.15,1,1
2026-02-14 13:00:00,5,13,27.43,58.06,1,1
2026-02-14 14:00:00,5,14,32.09,53.51,1,1
2026-02-14 15:00:00,5,15,29.78,58.67,1,1
2026-02-14 16:00:00,5,16,57.13,16.47,1,2
2026-02-14 17:00:00,5,17,24.93,62.67,1,0
2026-02-14 18:00:00,5,18,14.94,79.37,1,0
2026-02-14 19:00:00,5,19,2.78,94.11,1,0
2026-02-14 20:00:00,5,20,28.82,61.41,1,0
2026-02-14 21:00:00,5,21,43.47,30.4,1,2
2026-02-14 22:00:00,5,22,26.58,60.29,1,0
2026-02-14 23:00:00,5,23,27.13,60.03,1,0
2026-02-15 00:00:00,6,0,25.26,66.58,1,0
2026-02-15 01:00:00,6,1,31.7,4.61,1,2
2026-02-15 02:00:00,6,2,33.66,44.58,1,1
2026-02-15 03:00:00,6,3,29.18,61.21,1,0
2026-02-15 04:00:00,6,4,45.39,32.61,1,2
2026-02-15 05:00:00,6,5,34.75,46.03,1,1
2026-02-15 06:00:00,6,6,42.2,35.75,1,2
2026-02-15 07:00:00,6,7,9.83,86.92,1,0
2026-02-15 08:00:00,6,8,55.78,17.07,1,2
2026-02-15 09:00:00,6,9,32.31,54.95,1,1
2026-02-15 10:00:00,6,10,46.25,27.58,1,2
2026-02-15 11:00:00,6,11,47.0,25.73,1,2
2026-02-15 12:00:00,6,12,17.5,75.15,1,0
2026-02-15 13:00:00,6,13,37.39,43.69,1,1
2026-02-15 14:00:00,6,14,15.32,77.48,1,0
2026-02-15 15:00:00,6,15,43.75,40.64,1,2
2026-02-15 16:00:00,6,16,6.8,90.36,1,0
2026-02-15 17:00:00,6,17,15.3,77.06,1,0
2026-02-15 18:00:00,6,18,54.65,16.95,1,2
2026-02-15 19:00:00,6,19,38.22,46.79,1,1
2026-02-15 20:00:00,6,20,20.28,74.18,1,0
2026-02-15 21:00:00,6,21,18.11,72.04,1,0
2026-02-15 22:00:00,6,22,30.68,55.75,1,1
2026-02-15 23:00:00,6,23,2.47,97.67,1,0
2026-02-16 00:00:00,0,0,27.81,54.2,0,1
2026-02-16 01:00:00,0,1,10.86,81.72,0,0
2026-02-16 02:00:00,0,2,19.59,70.67,0,0
2026-02-16 03:00:00,0,3,5.38,93.4,0,0
2026-02-16 04:00:00,0,4,9.05,85.85,0,0
2026-02-16 05:00:00,0,5,20.53,65.33,0,0
2026-02-16 06:00:00,0,6,8.15,89.2,0,0
2026-02-16 07:00:00,0,7,22.96,66.62,0,0
2026-02-16 08:00:00,0,8,3.48,94.78,0,0
2026-02-16 09:00:00,0,9,22.96,67.38,0,0
2026-02-16 10:00:00,0,10,22.64,64.69,0,0
2026-02-16 11:00:00,0,11,3.3,95.85,0,0
2026-02-16 12:00:00,0,12,4.73,92.7,0,0
2026-02-16 13:00:00,0,13,30.57,53.41,0,1
2026-02-16 14:00:00,0,14,26.16,58.81,0,1
2026-02-16 15:00:00,0,15,13.46,79.27,0,0
2026-02-16 16:00:00,0,16,31.79,56.28,0,1
2026-02-16 17:00:00,0,17,33.3,48.24,0,1
2026-02-16 18:00:00,0,18,20.19,72.74,0,0
2026-02-16 19:00:00,0,19,4.69,95.34,0,0
2026-02-16 20:00:00,0,20,11.27,85.77,0,0
2026-02-16 21:00:00,0,21,9.02,88.66,0,0
2026-02-16 22:00:00,0,22,18.05,70.06,0,0
2026-02-16 23:00:00,0,23,18.07,74.96,0,0
2026-02-17 00:00:00,1,0,10.69,85.71,0,0
2026-02-17 01:00:00,1,1,22.8,61.1,0,0
2026-02-17 02:00:00,1,2,14.28,78.89,0,0
2026-02-17 03:00:00,1,3,33.78,45.33,0,1
2026-02-17 04:00:00,1,4,6.65,92.79,0,0
2026-02-17 05:00:00,1,5,9.28,90.62,0,0
2026-02-17 06:00:00,1,6,12.1,81.82,0,0
2026-02-17 07:00:00,1,7,16.81,75.87,0,0
2026-02-17 08:00:00,1,8,22.86,64.45,0,0
2026-02-17 09:00:00,1,9,2.96,96.16,0,0
2026-02-17 10:00:00,1,10,12.05,83.14,0,0
2026-02-17 11:00:00,1,11,6.85,86.51,0,0
2026-02-17 12:00:00,1,12,13.0,84.08,0,0
2026-02-17 13:00:00,1,13,19.16,72.21,0,0
2026-02-17 14:00:00,1,14,3.56,94.42,0,0
2026-02-17 15:00:00,1,15,22.63,64.59,0,0
2026-02-17 16:00:00,1,16,15.58,76.74,0,0
2026-02-17 17:00:00,1,17,21.24,64.89,0,0
2026-02-17 18:00:00,1,18,16.62,71.62,0,0
2026-02-17 19:00:00,1,19,31.26,54.5,0,1
2026-02-17 20:00:00,1,20,29.94,53.06,0,1
2026-02-17 21:00:00,1,21,31.01,50.53,0,1
2026-02-17 22:00:00,1,22,7.81,89.67,0,0
2026-02-17 23:00:00,1,23,28.22,56.91,0,1
2026-02-18 00:00:00,2,0,1.84,98.0,0,0
2026-02-18 01:00:00,2,1,19.09,74.29,0,0
2026-02-18 02:00:00,2,2,26.12,58.4,0,1
2026-02-18 03:00:00,2,3,7.35,90.54,0,0
2026-02-18 04:00:00,2,4,20.81,72.99,0,0
2026-02-18 05:00:00,2,5,17.52,69.21,0,0
2026-02-18 06:00:00,2,6,22.57,63.15,0,0
2026-02-18 07:00:00,2,7,2.65,96.78,0,0
2026-02-18 08:00:00,2,8,22.32,75.84,0,0
2026-02-18 09:00:00,2,9,35.29,46.52,0,1
2026-02-18 10:00:00,2,10,31.26,55.77,0,1
2026-02-18 11:00:00,2,11,17.09,79.75,0,0
2026-02-18 12:00:00,2,12,4.09,2.46,0,2
2026-02-18 13:00:00,2,13,22.19,67.97,0,0
2026-02-18 14:00:00,2,14,26.93,57.75,0,1
2026-02-18 15:00:00,2,15,4.43,90.05,0,0
2026-02-18 16:00:00,2,16,6.83,92.1,0,0
2026-02-18 17:00:00,2,17,15.49,81.79,0,0
2026-02-18 18:00:00,2,18,14.32,7.86,0,2
2026-02-18 19:00:00,2,19,30.24,53.49,0,1
2026-02-18 20:00:00,2,20,21.97,69.6,0,0
2026-02-18 21:00:00,2,21,19.76,70.15,0,0
2026-02-18 22:00:00,2,22,30.85,52.65,0,1
2026-02-18 23:00:00,2,23,25.93,62.83,0,0
2026-02-19 00:00:00,3,0,12.03,82.1,0,0
2026-02-19 01:00:00,3,1,14.96,75.58,0,0
2026-02-19 02:00:00,3,2,9.19,87.48,0,0
2026-02-19 03:00:00,3,3,23.28,63.5,0,0
2026-02-19 04:00:00,3,4,6.78,93.13,0,0
2026-02-19 05:00:00,3,5,15.77,73.75,0,0
2026-02-19 06:00:00,3,6,6.81,88.6,0,0
2026-02-19 07:00:00,3,7,9.55,87.53,0,0
2026-02-19 08:00:00,3,8,15.23,73.06,0,0
2026-02-19 09:00:00,3,9,25.32,62.81,0,0
2026-02-19 10:00:00,3,10,23.41,65.32,0,0
2026-02-19 11:00:00,3,11,28.5,58.48,0,1
2026-02-19 12:00:00,3,12,28.16,53.7,0,1
2026-02-19 13:00:00,3,13,17.04,77.79,0,0
2026-02-19 14:00:00,3,14,16.04,80.55,0,0
2026-02-19 15:00:00,3,15,21.38,62.81,0,0
2026-02-19 16:00:00,3,16,27.0,63.21,0,0
2026-02-19 17:00:00,3,17,13.06,78.76,0,0
2026-02-19 18:00:00,3,18,19.18,72.73,0,0
2026-02-19 19:00:00,3,19,9.58,89.97,0,0
2026-02-19 20:00:00,3,20,19.62,66.6,0,0
2026-02-19 21:00:00,3,21,28.65,57.81,0,1
2026-02-19 22:00:00,3,22,9.18,83.36,0,0
2026-02-19 23:00:00,3,23,7.15,89.13,0,0
2026-02-20 00:00:00,4,0,14.4,76.13,1,0
2026-02-20 01:00:00,4,1,8.26,84.83,1,0
2026-02-20 02:00:00,4,2,25.12,65.43,1,0
2026-02-20 03:00:00,4,3,47.99,3.29,1,2
2026-02-20 04:00:00,4,4,38.74,39.94,1,1
2026-02-20 05:00:00,4,5,43.67,30.15,1,2
2026-02-20 06:00:00,4,6,30.08,51.87,1,1
2026-02-20 07:00:00,4,7,22.11,67.04,1,0
2026-02-20 08:00:00,4,8,4.91,93.16,1,0
2026-02-20 09:00:00,4,9,3.74,93.58,1,0
2026-02-20 10:00:00,4,10,20.71,72.95,1,0
2026-02-20 11:00:00,4,11,13.75,2.95,1,2
2026-02-20 12:00:00,4,12,33.99,2.73,1,2
2026-02-20 13:00:00,4,13,6.05,95.54,1,0
2026-02-20 14:00:00,4,14,16.19,72.96,1,0
2026-02-20 15:00:00,4,15,8.57,87.96,1,0
2026-02-20 16:00:00,4,16,17.49,74.79,1,0
2026-02-20 17:00:00,4,17,41.3,34.07,1,1
2026-02-20 18:00:00,4,18,33.58,53.14,1,1
2026-02-20 19:00:00,4,19,37.88,43.04,1,1
2026-02-20 20:00:00,4,20,31.83,53.8,1,1
2026-02-20 21:00:00,4,21,29.41,55.71,1,1
2026-02-20 22:00:00,4,22,16.79,73.82,1,0
2026-02-20 23:00:00,4,23,3.44,91.79,1,0
2026-02-21 00:00:00,5,0,32.47,50.78,1,1
2026-02-21 01:00:00,5,1,11.85,81.12,1,0
2026-02-21 02:00:00,5,2,32.76,53.34,1,1
2026-02-21 03:00:00,5,3,36.47,40.47,1,1
2026-02-21 04:00:00,5,4,7.48,92.93,1,0
2026-02-21 05:00:00,5,5,49.54,27.76,1,2
2026-02-21 06:00:00,5,6,4.31,94.33,1,0
2026-02-21 07:00:00,5,7,33.4,49.2,1,1
2026-02-21 08:00:00,5,8,11.82,80.2,1,0
2026-02-21 09:00:00,5,9,31.5,50.25,1,1
2026-02-21 10:00:00,5,10,57.59,11.47,1,2
2026-02-21 11:00:00,5,11,25.86,65.68,1,0
2026-02-21 12:00:00,5,12,17.42,74.59,1,0
2026-02-21 13:00:00,5,13,51.0,24.91,1,2
2026-02-21 14:00:00,5,14,18.97,73.77,1,0
2026-02-21 15:00:00,5,15,26.4,56.69,1,1
2026-02-21 16:00:00,5,16,41.32,40.68,1,1
2026-02-21 17:00:00,5,17,10.41,84.51,1,0
2026-02-21 18:00:00,5,18,23.85,5.18,1,2
2026-02-21 19:00:00,5,19,49.29,33.15,1,2
2026-02-21 20:00:00,5,20,12.24,77.5,1,0
2026-02-21 21:00:00,5,21,18.37,74.61,1,0
2026-02-21 22:00:00,5,22,6.42,94.73,1,0
2026-02-21 23:00:00,5,23,52.35,23.55,1,2
2026-02-22 00:00:00,6,0,26.68,65.13,1,0
2026-02-22 01:00:00,6,1,25.3,59.74,1,1
2026-02-22 02:00:00,6,2,38.57,44.73,1,1
2026-02-22 03:00:00,6,3,5.4,91.77,1,0
2026-02-22 04:00:00,6,4,51.69,16.7,1,2
2026-02-22 05:00:00,6,5,15.08,75.31,1,0
2026-02-22 06:00:00,6,6,30.22,59.0,1,1
2026-02-22 07:00:00,6,7,23.9,66.59,1,0
2026-02-22 08:00:00,6,8,3.68,93.65,1,0
2026-02-22 09:00:00,6,9,20.98,69.54,1,0
2026-02-22 10:00:00,6,10,7.37,91.86,1,0
2026-02-22 11:00:00,6,11,14.32,76.69,1,0
2026-02-22 12:00:00,6,12,29.52,53.24,1,1
2026-02-22 13:00:00,6,13,16.86,78.45,1,0
2026-02-22 14:00:00,6,14,41.07,34.42,1,1
2026-02-22 15:00:00,6,15,30.94,55.23,1,1
2026-02-22 16:00:00,6,16,33.86,48.44,1,1
2026-02-22 17:00:00,6,17,13.91,80.11,1,0
2026-02-22 18:00:00,6,18,29.75,48.71,1,1
2026-02-22 19:00:00,6,19,28.1,55.29,1,1
2026-02-22 20:00:00,6,20,33.89,58.12,1,1
2026-02-22 21:00:00,6,21,4.46,92.37,1,0
2026-02-22 22:00:00,6,22,38.74,43.34,1,1
2026-02-22 23:00:00,6,23,8.16,89.58,1,0
2026-02-23 00:00:00,0,0,11.07,80.0,0,0
2026-02-23 01:00:00,0,1,10.88,80.9,0,0
2026-02-23 02:00:00,0,2,8.66,84.25,0,0
2026-02-23 03:00:00,0,3,2.42,95.48,0,0
2026-02-23 04:00:00,0,4,16.05,78.69,0,0
2026-02-23 05:00:00,0,5,18.69,72.13,0,0
2026-02-23 06:00:00,0,6,15.93,72.34,0,0
2026-02-23 07:00:00,0,7,15.34,76.07,0,0
2026-02-23 08:00:00,0,8,9.0,87.8,0,0
2026-02-23 09:00:00,0,9,17.2,72.5,0,0
2026-02-23 10:00:00,0,10,5.96,97.32,0,0
2026-02-23 11:00:00,0,11,5.02,86.83,0,0
2026-02-23 12:00:00,0,12,19.24,72.31,0,0
2026-02-23 13:00:00,0,13,14.01,80.59,0,0
2026-02-23 14:00:00,0,14,8.52,87.23,0,0
2026-02-23 15:00:00,0,15,33.13,53.08,0,1
2026-02-23 16:00:00,0,16,26.59,60.37,0,0
2026-02-23 17:00:00,0,17,6.73,90.67,0,0
2026-02-23 18:00:00,0,18,27.7,57.22,0,1
2026-02-23 19:00:00,0,19,19.17,73.2,0,0
2026-02-23 20:00:00,0,20,29.83,54.55,0,1
2026-02-23 21:00:00,0,21,14.6,73.76,0,0
2026-02-23 22:00:00,0,22,3.22,95.03,0,0
2026-02-23 23:00:00,0,23,3.62,91.23,0,0
2026-02-24 00:00:00,1,0,18.47,75.28,0,0
2026-02-24 01:00:00,1,1,32.94,55.86,0,1
2026-02-24 02:00:00,1,2,26.67,61.17,0,0
2026-02-24 03:00:00,1,3,19.11,75.0,0,0
2026-02-24 04:00:00,1,4,10.98,81.66,0,0
2026-02-24 05:00:00,1,5,19.04,70.84,0,0
2026-02-24 06:00:00,1,6,29.34,55.79,0,1
2026-02-24 07:00:00,1,7,19.88,68.8,0,0
2026-02-24 08:00:00,1,8,6.05,91.1,0,0
2026-02-24 09:00:00,1,9,2.69,89.22,0,0
2026-02-24 10:00:00,1,10,33.82,49.9,0,1
2026-02-24 11:00:00,1,11,16.91,73.16,0,0
2026-02-24 12:00:00,1,12,12.04,83.81,0,0
2026-02-24 13:00:00,1,13,6.94,86.01,0,0
2026-02-24 14:00:00,1,14,32.17,51.19,0,1
2026-02-24 15:00:00,1,15,23.84,57.62,0,1
2026-02-24 16:00:00,1,16,4.34,97.31,0,0
2026-02-24 17:00:00,1,17,28.69,53.55,0,1
2026-02-24 18:00:00,1,18,4.7,92.92,0,0
2026-02-24 19:00:00,1,19,10.88,85.68,0,0
2026-02-24 20:00:00,1,20,10.01,85.23,0,0
2026-02-24 21:00:00,1,21,5.7,95.82,0,0
2026-02-24 22:00:00,1,22,26.22,63.04,0,0
2026-02-24 23:00:00,1,23,33.31,54.26,0,1
2026-02-25 00:00:00,2,0,6.92,87.03,0,0
2026-02-25 01:00:00,2,1,6.33,92.61,0,0
2026-02-25 02:00:00,2,2,4.08,92.44,0,0
2026-02-25 03:00:00,2,3,9.53,87.1,0,0
2026-02-25 04:00:00,2,4,21.41,68.82,0,0
2026-02-25 05:00:00,2,5,3.04,98.0,0,0
2026-02-25 06:00:00,2,6,10.46,3.28,0,2
2026-02-25 07:00:00,2,7,25.28,63.28,0,0
2026-02-25 08:00:00,2,8,20.15,69.12,0,0
2026-02-25 09:00:00,2,9,21.37,9.02,0,2
2026-02-25 10:00:00,2,10,18.54,69.84,0,0
2026-02-25 11:00:00,2,11,16.11,71.61,0,0
2026-02-25 12:00:00,2,12,23.55,67.38,0,0
2026-02-25 13:00:00,2,13,17.49,78.33,0,0
2026-02-25 14:00:00,2,14,34.39,51.51,0,1
2026-02-25 15:00:00,2,15,23.92,66.68,0,0
2026-02-25 16:00:00,2,16,30.2,57.37,0,1
2026-02-25 17:00:00,2,17,13.07,82.06,0,0
2026-02-25 18:00:00,2,18,5.02,89.78,0,0
2026-02-25 19:00:00,2,19,6.69,87.13,0,0
2026-02-25 20:00:00,2,20,4.49,89.17,0,0
2026-02-25 21:00:00,2,21,25.67,57.8,0,1
2026-02-25 22:00:00,2,22,34.31,50.41,0,1
2026-02-25 23:00:00,2,23,28.89,58.41,0,1
2026-02-26 00:00:00,3,0,29.07,54.77,0,1
2026-02-26 01:00:00,3,1,21.88,61.29,0,0
2026-02-26 02:00:00,3,2,6.33,85.81,0,0
2026-02-26 03:00:00,3,3,9.42,85.08,0,0
2026-02-26 04:00:00,3,4,26.29,59.67,0,1
2026-02-26 05:00:00,3,5,20.38,71.62,0,0
2026-02-26 06:00:00,3,6,21.63,68.5,0,0
2026-02-26 07:00:00,3,7,21.23,63.54,0,0
2026-02-26 08:00:00,3,8,22.21,68.52,0,0
2026-02-26 09:00:00,3,9,29.39,55.19,0,1
2026-02-26 10:00:00,3,10,18.64,71.64,0,0
2026-02-26 11:00:00,3,11,28.02,62.27,0,0
2026-02-26 12:00:00,3,12,24.78,58.9,0,1
2026-02-26 13:00:00,3,13,19.58,74.61,0,0
2026-02-26 14:00:00,3,14,17.38,77.21,0,0
2026-02-26 15:00:00,3,15,28.14,60.86,0,0
2026-02-26 16:00:00,3,16,9.94,88.22,0,0
2026-02-26 17:00:00,3,17,14.49,78.34,0,0
2026-02-26 18:00:00,3,18,30.5,58.94,0,1
2026-02-26 19:00:00,3,19,16.67,79.6,0,0
2026-02-26 20:00:00,3,20,14.78,73.64,0,0
2026-02-26 21:00:00,3,21,22.76,59.55,0,1
2026-02-26 22:00:00,3,22,33.24,52.8,0,1
2026-02-26 23:00:00,3,23,24.42,63.74,0,0
2026-02-27 00:00:00,4,0,33.7,47.93,1,1
2026-02-27 01:00:00,4,1,31.97,56.48,1,1
2026-02-27 02:00:00,4,2,21.32,68.04,1,0
2026-02-27 03:00:00,4,3,43.54,38.71,1,2
2026-02-27 04:00:00,4,4,55.95,14.62,1,2
2026-02-27 05:00:00,4,5,45.88,36.23,1,2
2026-02-27 06:00:00,4,6,37.67,40.86,1,1
2026-02-27 07:00:00,4,7,31.0,51.91,1,1
2026-02-27 08:00:00,4,8,42.75,36.91,1,2
2026-02-27 09:00:00,4,9,10.83,7.58,1,2
2026-02-27 10:00:00,4,10,28.55,58.56,1,1
2026-02-27 11:00:00,4,11,8.46,88.98,1,0
2026-02-27 12:00:00,4,12,5.1,91.46,1,0
2026-02-27 13:00:00,4,13,13.99,75.55,1,0
2026-02-27 14:00:00,4,14,55.16,16.65,1,2
2026-02-27 15:00:00,4,15,44.26,38.32,1,2
2026-02-27 16:00:00,4,16,35.75,45.93,1,1
2026-02-27 17:00:00,4,17,21.3,66.7,1,0
2026-02-27 18:00:00,4,18,39.41,38.6,1,1
2026-02-27 19:00:00,4,19,32.8,52.67,1,1
2026-02-27 20:00:00,4,20,26.85,57.32,1,1
2026-02-27 21:00:00,4,21,29.33,54.11,1,1
2026-02-27 22:00:00,4,22,32.95,53.03,1,1
2026-02-27 23:00:00,4,23,7.07,90.76,1,0
2026-02-28 00:00:00,5,0,39.84,39.66,1,1
2026-02-28 01:00:00,5,1,27.33,56.76,1,1
2026-02-28 02:00:00,5,2,31.82,47.63,1,1
2026-02-28 03:00:00,5,3,29.77,54.48,1,1
2026-02-28 04:00:00,5,4,22.23,65.93,1,0
2026-02-28 05:00:00,5,5,57.56,15.1,1,2
2026-02-28 06:00:00,5,6,32.38,49.48,1,1
2026-02-28 07:00:00,5,7,26.85,56.6,1,1
2026-02-28 08:00:00,5,8,20.95,67.52,1,0
2026-02-28 09:00:00,5,9,10.38,80.55,1,0
2026-02-28 10:00:00,5,10,42.42,36.91,1,2
2026-02-28 11:00:00,5,11,39.95,38.41,1,1
2026-02-28 12:00:00,5,12,45.56,28.88,1,2
2026-02-28 13:00:00,5,13,36.94,42.05,1,1
2026-02-28 14:00:00,5,14,38.15,37.42,1,1
2026-02-28 15:00:00,5,15,11.59,83.51,1,0
2026-02-28 16:00:00,5,16,24.58,71.2,1,0
2026-02-28 17:00:00,5,17,23.6,61.59,1,0
2026-02-28 18:00:00,5,18,34.0,43.67,1,1
2026-02-28 19:00:00,5,19,38.92,39.12,1,1
2026-02-28 20:00:00,5,20,38.9,40.0,1,1
2026-02-28 21:00:00,5,21,41.66,35.6,1,1
2026-02-28 22:00:00,5,22,61.23,7.19,1,2
2026-02-28 23:00:00,5,23,34.54,50.63,1,1
2026-03-01 00:00:00,6,0,16.48,76.39,1,0
2026-03-01 01:00:00,6,1,8.29,6.81,1,2
2026-03-01 02:00:00,6,2,27.64,61.07,1,0
2026-03-01 03:00:00,6,3,53.08,16.17,1,2
2026-03-01 04:00:00,6,4,26.99,64.63,1,0
2026-03-01 05:00:00,6,5,4.0,93.82,1,0
2026-03-01 06:00:00,6,6,19.73,69.3,1,0
2026-03-01 07:00:00,6,7,36.68,42.2,1,1
2026-03-01 08:00:00,6,8,15.04,76.61,1,0
2026-03-01 09:00:00,6,9,44.44,32.44,1,2
2026-03-01 10:00:00,6,10,20.74,73.77,1,0
2026-03-01 11:00:00,6,11,21.35,67.49,1,0
2026-03-01 12:00:00,6,12,34.77,43.29,1,1
2026-03-01 13:00:00,6,13,25.84,57.74,1,1
2026-03-01 14:00:00,6,14,39.25,37.83,1,1
2026-03-01 15:00:00,6,15,37.42,41.35,1,1
2026-03-01 16:00:00,6,16,40.86,37.1,1,1
2026-03-01 17:00:00,6,17,39.36,43.47,1,1
2026-03-01 18:00:00,6,18,4.77,93.51,1,0
2026-03-01 19:00:00,6,19,49.06,24.87,1,2
2026-03-01 20:00:00,6,20,7.15,88.59,1,0
2026-03-01 21:00:00,6,21,42.5,36.84,1,2
2026-03-01 22:00:00,6,22,4.03,6.24,1,2
2026-03-01 23:00:00,6,23,15.32,79.07,1,0
2026-03-02 00:00:00,0,0,33.12,49.4,0,1
2026-03-02 01:00:00,0,1,11.99,79.35,0,0
2026-03-02 02:00:00,0,2,15.4,80.58,0,0
2026-03-02 03:00:00,0,3,6.25,92.0,0,0
2026-03-02 04:00:00,0,4,10.18,82.97,0,0
2026-03-02 05:00:00,0,5,6.33,87.77,0,0
2026-03-02 06:00:00,0,6,28.64,55.04,0,1
2026-03-02 07:00:00,0,7,26.38,59.86,0,1
2026-03-02 08:00:00,0,8,29.27,49.73,0,1
2026-03-02 09:00:00,0,9,5.05,93.79,0,0
2026-03-02 10:00:00,0,10,25.73,59.91,0,1
2026-03-02 11:00:00,0,11,34.23,52.83,0,1
2026-03-02 12:00:00,0,12,21.94,68.24,0,0
2026-03-02 13:00:00,0,13,22.68,59.59,0,1
2026-03-02 14:00:00,0,14,4.22,94.31,0,0
2026-03-02 15:00:00,0,15,3.3,98.0,0,0
2026-03-02 16:00:00,0,16,17.05,79.6,0,0
2026-03-02 17:00:00,0,17,19.4,71.76,0,0
2026-03-02 18:00:00,0,18,16.77,73.57,0,0
2026-03-02 19:00:00,0,19,19.4,71.89,0,0
2026-03-02 20:00:00,0,20,27.09,61.62,0,0
2026-03-02 21:00:00,0,21,29.99,51.63,0,1
2026-03-02 22:00:00,0,22,12.51,85.0,0,0
2026-03-02 23:00:00,0,23,33.9,50.23,0,1
2026-03-03 00:00:00,1,0,33.77,51.62,0,1
2026-03-03 01:00:00,1,1,10.0,90.55,0,0
2026-03-03 02:00:00,1,2,24.83,64.77,0,0
2026-03-03 03:00:00,1,3,23.02,69.36,0,0
2026-03-03 04:00:00,1,4,24.74,65.13,0,0
2026-03-03 05:00:00,1,5,20.21,69.49,0,0
2026-03-03 06:00:00,1,6,27.77,59.11,0,1
2026-03-03 07:00:00,1,7,12.67,81.64,0,0
2026-03-03 08:00:00,1,8,23.03,68.41,0,0
2026-03-03 09:00:00,1,9,10.82,82.41,0,0
2026-03-03 10:00:00,1,10,15.83,79.12,0,0
2026-03-03 11:00:00,1,11,8.16,92.18,0,0
2026-03-03 12:00:00,1,12,25.87,60.51,0,0
2026-03-03 13:00:00,1,13,22.78,64.65,0,0
2026-03-03 14:00:00,1,14,22.83,64.35,0,0
2026-03-03 15:00:00,1,15,28.66,56.43,0,1
2026-03-03 16:00:00,1,16,4.68,89.54,0,0
2026-03-03 17:00:00,1,17,3.98,85.06,0,0
2026-03-03 18:00:00,1,18,21.61,62.69,0,0
2026-03-03 19:00:00,1,19,15.08,79.71,0,0
2026-03-03 20:00:00,1,20,27.79,62.88,0,0
2026-03-03 21:00:00,1,21,12.32,86.76,0,0
2026-03-03 22:00:00,1,22,32.85,50.02,0,1
2026-03-03 23:00:00,1,23,32.33,48.19,0,1
2026-03-04 00:00:00,2,0,23.27,63.27,0,0
2026-03-04 01:00:00,2,1,4.45,90.16,0,0
2026-03-04 02:00:00,2,2,7.73,87.63,0,0
2026-03-04 03:00:00,2,3,22.64,64.33,0,0
2026-03-04 04:00:00,2,4,3.73,95.21,0,0
2026-03-04 05:00:00,2,5,25.91,60.93,0,0
2026-03-04 06:00:00,2,6,23.59,70.58,0,0
2026-03-04 07:00:00,2,7,34.12,49.14,0,1
2026-03-04 08:00:00,2,8,18.66,69.48,0,0
2026-03-04 09:00:00,2,9,22.37,67.04,0,0
2026-03-04 10:00:00,2,10,9.08,90.19,0,0
2026-03-04 11:00:00,2,11,25.4,62.76,0,0
2026-03-04 12:00:00,2,12,16.96,71.69,0,0
2026-03-04 13:00:00,2,13,12.31,81.82,0,0
2026-03-04 14:00:00,2,14,21.07,75.63,0,0
2026-03-04 15:00:00,2,15,18.0,74.81,0,0
2026-03-04 16:00:00,2,16,18.83,71.12,0,0
2026-03-04 17:00:00,2,17,9.71,85.67,0,0
2026-03-04 18:00:00,2,18,34.65,44.3,0,1
2026-03-04 19:00:00,2,19,14.39,77.95,0,0
